index,permno,ticker_symbol,coeff
0,10026,JJSF,0.17821831337089758
1,10032,PLXS,0.17784823319372167
2,10044,RMCF,0.183036623896382
3,10107,MSFT,0.17784820876274965
4,10138,TROW,0.17729321097560857
5,10200,RGEN,0.176553457997146
6,10232,ESBK,0.17710824555523025
7,10239,PTVCB,0.17673837930642616
8,10252,INDB,0.176923305234515
9,10257,DLHC,0.17766319999104324
10,10258,AVAN,0.17673840054328185
11,10318,BCP,0.1771082471663169
12,10333,XOMA,0.178403392910218
13,10355,DJCO,0.17673838038320389
14,10382,ASTE,0.17710824587481838
15,10397,WERN,0.17784820871000842
16,10421,SKYW,0.17803324253514402
17,10443,FRKT,0.17766319967292027
18,10463,REFR,0.17655345467992606
19,10501,AMWD,0.17766322158342213
20,10514,TWMC,0.17784820577730504
21,10530,KITS,0.17673836749188204
22,10547,CLFD,0.17673837490598693
23,10550,PDEX,0.17747823026434612
24,10645,LAKE,0.17618369696008895
25,10649,PTSI,0.1780332475057741
26,10661,CYAN,0.17710823397679482
27,10696,FISV,0.17729321053413286
28,10777,FCNCA,0.1769232862178334
29,10781,BKSC,0.17673836705166113
30,10812,HTLD,0.17692331554102617
31,10860,OSUR,0.1774781807700895
32,10886,DXYN,0.17766318344856108
33,10892,STSS,0.17751598390047857
34,10901,ITIC,0.17747833030786586
35,10909,CERN,0.17747818449600386
36,10966,AXGN,0.17766320153846588
37,11006,FLIC,0.1771082451294293
38,11043,PCMC,0.1774781781469618
39,11154,PLAB,0.17673837151450314
40,11174,DICE,0.17766318972797368
41,11275,KRMD,0.17747818718699573
42,11285,FBNC,0.17659113457524891
43,11292,ICCC,0.17710823978769152
44,11293,WSBC,0.17636856935618495
45,11343,SAFM,0.17673837033072892
46,11348,CNBKA,0.17766318633571576
47,11368,AIRT,0.17940482012152026
48,11369,UBSI,0.1780332563114228
49,11394,THMO,0.17747817383811293
50,11397,WASH,0.17821832409165672
51,11403,CDNC,0.17784822066588024
52,11441,NHLD,0.17729319619098244
53,11442,CHCO,0.1772932296467126
54,11481,EBIX,0.17784819606876812
55,11499,CECO,0.17673837987725996
56,11511,CPSX,0.17803323300294088
57,11565,HBNC,0.17747820134211834
58,11587,ATRI,0.1776632223431916
59,11593,SNLF,0.17766318501106163
60,11600,XRAY,0.17710828549206797
61,11618,FAST,0.17821827646206517
62,11636,APPA,0.17636857338467063
63,11654,NATA,0.17821827703037374
64,11701,IMKTA,0.17858847523022536
65,11748,DGICB,0.1772931932058328
66,11752,IIVI,0.1771082395493713
67,11775,JWAIA,0.17655346919575102
68,11786,SIVB,0.17803332633471217
69,11790,ALCO,0.17692330425676034
70,11803,MITK,0.1769233031076424
71,11825,CYBE,0.17673837035457818
72,11844,PKVL,0.17747821373416245
73,11884,JEAN,0.177478202525615
74,11896,MXIM,0.1778481946757115
75,11992,TCF,0.1775160313278841
76,11995,COKE,0.17766317953832128
77,12017,XWEL,0.17766320151835038
78,12068,OLDB,0.17696105481374605
79,12073,PBCT,0.17733096817650212
80,12089,RP,0.17784819413541578
81,12146,CSBR,0.17692329725497746
82,12166,FXBC,0.17618368934101325
83,12189,HIFS,0.17710830616567588
84,12209,LWAY,0.17673836645704205
85,12226,MGPI,0.17673839847430922
86,12266,TCLN,0.17784819688932807
87,12307,AMRS,0.17821827488897968
88,12308,CHTR,0.17766319024846255
89,12310,HGSH,0.1772932265985424
90,12350,MULN,0.17692329161284015
91,12358,NFEC,0.17673836430931095
92,12360,PACB,0.17618369203993803
93,12362,STND,0.17766323122491268
94,12363,VRA,0.17692330453584937
95,12374,IPHI,0.2820412214637756
96,12380,PCYG,0.17747819268412968
97,12400,LPLA,0.1789588294007622
98,12413,ZGNX,0.1767383628737851
99,12480,ACNB,0.17729320732851145
100,12487,HFBL,0.17747819545063517
101,12488,LEDS,0.17784821228248937
102,12493,QADA,0.17840335272219335
103,12494,RNET,0.17784820784004718
104,12497,ASMB,0.1767383858011649
105,12502,OFED,0.17710824588794105
106,12573,ACRX,0.17784820644788046
107,12577,FLDM,0.17729322182991494
108,12579,GEVO,0.17803323093232615
109,12583,PCRX,0.17747818296417273
110,12588,USCR,0.17673836887281896
111,12639,CSOD,0.1763685939775184
112,12640,SREV,0.17877371193509334
113,12758,ECOL,0.17766318823354044
114,12798,WIFI,0.17747818337903642
115,12880,AMCX,0.17766317005200497
116,12913,CHEF,0.1780332567051345
117,12920,IROQ,0.1771082387462957
118,12927,ZG,0.17747817642101918
119,13006,FMNB,0.17710825843401104
120,13007,LCNB,0.17729322252594487
121,13105,ACHC,0.17766322334038345
122,13107,CLVS,0.17714600284777385
123,13108,GRPN,0.1772932241692297
124,13111,NLNK,0.1778482025844368
125,13159,FBIO,0.1774781834696248
126,13168,TRIP,0.17858848850265174
127,13169,ZNGA,0.17673842938116793
128,13198,BOTJ,0.17692330016009822
129,13201,REGI,0.1772932542559306
130,13202,VSTM,0.17803324299657391
131,13260,BCOV,0.17636856925784886
132,13262,CCXI,0.17788602835665848
133,13265,OIG,0.17821829861846786
134,13278,HMST,0.1774781829693764
135,13279,NUWE,0.17803324223678635
136,13280,SYNC,0.17710827238481422
137,13323,ENPH,0.17710824372350623
138,13324,GALT,0.17618369982394846
139,13325,MACK,0.17747818472596488
140,13326,MTSI,0.17821834600210434
141,13328,HEAR,0.17803325640184042
142,13369,CLIR,0.17766317461839293
143,13375,FRGI,0.17766322355500277
144,13377,PFPT,0.17840334915344336
145,13379,SPLK,0.1767383666284737
146,13407,META,0.1767383848790378
147,13410,SUPN,0.1780332741601434
148,13411,TROV,0.17636856815799845
149,13412,SSC,0.17692329266046686
150,13453,CEMI,0.1761836983656223
151,13455,BURG,0.17470644204327415
152,13507,ANAT,0.17766319590710528
153,13520,CHUY,0.17803327691506937
154,13521,CPAH,0.17766318836037948
155,13527,FIVE,0.17710827197543666
156,13528,FSBW,0.17655346314772646
157,13532,HBMD,0.17636856935618495
158,13534,HTBI,0.17655345679542125
159,13537,FRG,0.17784824218761824
160,13548,BLMN,0.1776631977669564
161,13559,PFMT,0.17710824470638814
162,13561,SFBC,0.17673837035457818
163,13599,LFVN,0.17692332102745673
164,13600,QLYS,0.1780332368844792
165,13621,PBYI,0.17766319168549438
166,13628,WDAY,0.17877360086338928
167,13641,FANG,0.17840333955318158
168,13643,ICPT,0.17766318653923655
169,13648,LPTN,0.1771082664241447
170,13652,RGLS,0.1782182704079865
171,13693,ATOS,0.17655345144537596
172,13694,CHMG,0.17710823046608348
173,13704,NEO,0.17729320811170507
174,13712,UIHC,0.17840340217688394
175,13750,ACST,0.1774781768539433
176,13755,KBIO,0.20422365275729015
177,13757,LMCA,0.17821827657964553
178,13777,AMSWA,0.1772932131040427
179,13796,IMMY,0.17821828293939582
180,13797,INBK,0.1772931997972581
181,13798,ORMP,0.17784819832211443
182,13799,XONE,0.17803329290362072
183,13812,MRIN,0.17766318365183714
184,13825,ENTA,0.17729323113135137
185,13828,IPDN,0.1780332531891641
186,13856,PEP,0.17784821745709467
187,13863,TXMD,0.17655345252572147
188,13870,CMRX,0.17766319875918157
189,13876,HMTV,0.17784820200507834
190,13877,IBTX,0.17784820258455983
191,13878,MDXG,0.11809543519110711
192,13879,MICT,0.17618369696008895
193,13883,OVAS,0.1782182899690683
194,13918,ARCT,0.17618369595151556
195,13924,EPZM,0.17655350872954612
196,13935,NRCIA,0.17729321267790346
197,13938,OTEL,0.1771083139551927
198,13943,TSC,0.17840338137228354
199,13947,BLUE,0.17692330599626263
200,13949,CDW,0.17636856976297424
201,13954,ESPR,0.17766319179548146
202,13956,GOGO,0.1771082606667638
203,13959,NDLS,0.17858844567029458
204,13962,NSTG,0.17747817597062301
205,13963,NWSA,0.17840334387720097
206,13964,NWS,0.1780332202557155
207,13965,OHRP,0.1772932068421407
208,13967,PTCT,0.17673839517357992
209,13969,SAMG,0.17710826313260092
210,14008,AMGN,0.1771082380086364
211,14033,ONVO,0.1765534907473107
212,14044,AGIO,0.17692330600333453
213,14045,LIND,0.17840336528201872
214,14046,CNAT,0.177108283119995
215,14051,NHWK,0.17747824412044547
216,14054,MRTX,0.17858850052306177
217,14056,ONTX,0.1774781896799349
218,14060,XGTI,0.17729321418603672
219,14072,XON,0.17752842741695074
220,14093,GLG,0.1784034233456522
221,14094,VYNT,0.17747818602112755
222,14097,FOXF,0.17692333739039262
223,14099,MBII,0.17747818602112755
224,14102,SFM,0.17803322660113452
225,14106,STCK,0.1772932176331276
226,14107,TNXP,0.1774782036217202
227,14145,AAOI,0.1771082379244175
228,14149,BNFT,0.1769232917168364
229,14158,EVOK,0.1771082968606256
230,14159,MNDT,0.17710825077365447
231,14161,FPRX,0.17784818315208473
232,14166,NVEE,0.1771082402858675
233,14167,ISEE,0.17636856291729147
234,14169,PINC,0.17673837151450314
235,14172,PPSI,0.17729320205482338
236,14174,SQBG,0.17766319060300517
237,14175,TCFC,0.17673836813606897
238,14176,XLRN,0.17710824595949637
239,14237,ADXS,0.1778482034652774
240,14238,AERI,0.17710823397679482
241,14239,COMM,0.17803321899255536
242,14244,EIGI,0.1774781784618037
243,14245,FATE,0.17766318514881455
244,14257,MGNX,0.17710823352352315
245,14258,PBPB,0.17729319592400922
246,14262,SRNE,0.17692331410385093
247,14263,VCYT,0.17636856273125615
248,14310,FRBA,0.17636856313684515
249,14312,HMHC,0.17747819936391385
250,14313,IPWR,0.1767383657734633
251,14316,KPTI,0.17636856847311394
252,14317,LGIH,0.17747820093531613
253,14318,NMIH,0.1774781822473376
254,14325,TNDM,0.17599882702144026
255,14339,LIQT,0.17673837272220166
256,14352,KIN,0.1782182846816787
257,14355,RIBT,0.17673840337378724
258,14358,TRCH,0.1784412233924281
259,14359,XNCR,0.17729323601531857
260,14419,AKER,0.17710823352352315
261,14422,CARA,0.176923305234515
262,14423,EIGR,0.17673838392156044
263,14426,DRNA,0.17655345772890757
264,14432,ITCI,0.176738370381896
265,14433,TACO,0.17766318256729677
266,14434,MBUU,0.17803327304647693
267,14435,NVFY,0.17766321976049293
268,14436,RARE,0.17821832195909754
269,14440,TVTX,0.17766321654239728
270,14441,SMTP,0.17803324951245786
271,14442,TRVN,0.17729325356436693
272,14444,SINT,0.17673836231851514
273,14449,BIOC,0.17692330865954914
274,14451,CNCE,0.17766318935021733
275,14452,SESN,0.17747818612819283
276,14456,EGRX,0.17803327110830525
277,14457,FLXN,0.17673838155377355
278,14458,GNCA,0.17840337381568339
279,14459,INGN,0.17729321539198564
280,14464,NGHC,0.17784824313911954
281,14467,RVNC,0.1763685793093829
282,14468,PHIO,0.1771082360953431
283,14472,VRNS,0.17710824530527736
284,14526,APOG,0.1769233378921663
285,14528,AGTC,0.17729319809155553
286,14531,AKBA,0.17710824642075365
287,14532,AMRK,0.17710828858805475
288,14535,AQXP,0.17821830268597375
289,14536,BPTH,0.17692329161284015
290,14538,DPRX,0.1774781784618037
291,14542,GOOG,0.17655345323084307
292,14543,HCAC,0.17729320097355772
293,14544,LE,0.1763685753785326
294,14545,LPCN,0.1774781911715021
295,14547,PCTY,0.17710823174708218
296,14548,PFIE,0.17692329518159258
297,14550,REPH,0.17784819631581694
298,14551,RTGN,0.17673837114468519
299,14554,TWOU,0.1761836859096201
300,14555,VSAR,0.177293202434369
301,14556,WATT,0.17747822741061564
302,14580,RUBI,0.19185959708629474
303,14589,ADMS,0.1776631918213261
304,14590,AGFS,0.17710823615641058
305,14591,CERU,0.17710823739025996
306,14593,AAPL,0.17766320396792115
307,14596,FIVN,0.1771082729810562
308,14599,HNNA,0.1769232938409157
309,14601,NAVI,0.1776631846511178
310,14603,PAHC,0.17673836181900032
311,14604,PFIS,0.17655347028732893
312,14607,FGF,0.1769253777705586
313,14608,SABR,0.17747818568117604
314,14609,SPWH,0.17766317176316104
315,14610,INPX,0.17692329433101656
316,14615,IMUX,0.17673836231851514
317,14645,AGRX,0.17747820728698863
318,14647,ALDX,0.17710826285936868
319,14650,BWFG,0.17747823509826968
320,14653,FMBH,0.17747826358958932
321,14663,QRHC,0.17766318180938367
322,14667,RESN,0.17710824314025447
323,14668,SCYX,0.17766317479267638
324,14670,SFBS,0.17692331816713353
325,14677,TRUE,0.17692330698977293
326,14688,AMPH,0.1761836908887443
327,14689,AMTX,0.1772932114722599
328,14690,ARDX,0.17840336136220847
329,14691,CBAY,0.1776631853810612
330,14693,CBMG,0.17784820582055566
331,14694,GPRO,0.1776632101608841
332,14696,MIK,0.17784819279456138
333,14702,AMAT,0.17766318118089336
334,14707,RDUS,0.17729325845303018
335,14708,MGEN,0.17766318423320715
336,14711,ZFGN,0.17710824341419584
337,14781,TPUB,0.17766322373093152
338,14782,TRUP,0.1769233060221217
339,14790,ADVM,0.17636856925784886
340,14797,CDNA,0.17729322961521124
341,14803,HQY,0.17747818374611685
342,14807,IRMD,0.17655345772890757
343,14810,ISTR,0.17655346028478572
344,14811,FWONK,0.17821827657964553
345,14812,LOCO,0.17784820644788046
346,14813,MARA,0.17766317382370272
347,14815,MRNS,0.17655348160770967
348,14818,MTBC,0.1771082405346357
349,14820,MDVL,0.17710824424933408
350,14822,NERV,0.17692335056247688
351,14823,OCUL,0.17747819072876916
352,14828,SAGE,0.17784820797333045
353,14830,SPKE,0.17710824620821866
354,14836,XENT,0.17747819076580532
355,14862,CLRB,0.1780332245377412
356,14872,LTRPA,0.17803328303383847
357,14873,LTRPB,0.17729327516011617
358,14874,OTIC,0.17821829040552623
359,14877,TFSC,0.17710825187174023
360,14879,TTOO,0.17636857711228837
361,14882,CZR,0.1769232947562207
362,14925,BCLI,0.1771082871112402
363,14926,CDK,0.1778482217481201
364,14927,CFRX,0.17655345772890757
365,14930,GWGH,0.1765534605865957
366,14932,MBCN,0.17747819551064584
367,14934,LGMK,0.17899654938465692
368,14937,ELDN,0.17784821532077044
369,14942,KE,0.1772932108598243
370,14943,CBFV,0.17636858776485256
371,14944,LBRDA,0.1780332510283616
372,14988,LBRDK,0.1780332510283616
373,14991,ATRA,0.17729322807691755
374,15014,PLAY,0.1774781825456169
375,15015,PRTO,0.17729324411340985
376,15016,SIEN,0.1769233396556667
377,15022,VBTX,0.17747828686281544
378,15056,ADMA,0.17729320378496352
379,15057,APDN,0.17692329796509348
380,15058,SLNO,0.17766319197126515
381,15059,CHRS,0.17766318436272532
382,15062,EYES,0.1785884329667569
383,15064,FFWM,0.17729324747616218
384,15065,FGEN,0.17729320742352567
385,15067,FRPT,0.17784819131850127
386,15070,GFAL,0.17692331899986952
387,15071,SYNH,0.17747818046303798
388,15072,JYNT,0.17729320358642298
389,15075,NEOT,0.1769233441515648
390,15079,PRAH,0.17766318249945748
391,15084,TBK,0.17747819152239197
392,15087,UPLD,0.17673838566207628
393,15125,BLCM,0.1774781822473376
394,15127,CTSO,0.17673836644310936
395,15129,HDRA,0.17636856519076072
396,15132,OCGN,0.17840333304935874
397,15144,PATI,0.1769232965524853
398,15172,AVGR,0.1776631853810612
399,15177,SLRX,0.17858845156795425
400,15178,FNWB,0.1765534646830565
401,15180,ICBK,0.17784819389748052
402,15184,TCON,0.17692330317783095
403,15186,VUZI,0.17747818879056834
404,15187,ZSAN,0.17655345252572147
405,15203,ARTW,0.17803325603388637
406,15218,BLPH,0.17655345496579122
407,15219,CTRV,0.176183706220145
408,15220,INOV,0.17766318423320715
409,15221,ITEK,0.1767383721098525
410,15222,IOVA,0.17729320685818206
411,15226,ATEX,0.17710825077365447
412,15271,QPAC,0.17784823924454812
413,15272,SEDG,0.17710828595794798
414,15273,SUNW,0.17710828539666118
415,15282,KDNY,0.17803325945994208
416,15284,BPMC,0.17747819901875495
417,15285,KALV,0.17710823964703218
418,15286,CDTX,0.17747819027080058
419,15287,CRBP,0.17766319503273711
420,15291,ETSY,0.17784819324860549
421,15293,NEXT,0.17729323119303042
422,15297,NVIV,0.1774782259665698
423,15302,VIRT,0.17729320087897774
424,15303,VKTX,0.17655345830494112
425,15305,XBIT,0.17618368513092086
426,15371,COLL,0.17784822674659495
427,15374,HTGM,0.17618368552884472
428,15375,JAGX,0.17840336450325672
429,15378,LIFE,0.17710824383933893
430,15380,ONCS,0.17729321418603672
431,15381,OPGN,0.17692331685770268
432,15382,RKDA,0.17636856957627672
433,15383,STKS,0.17821831417136394
434,15407,SPNE,0.17821829427932234
435,15408,KHC,0.17729321418315624
436,15409,ALRM,0.17747819520291389
437,15410,APPF,0.17821831701383706
438,15416,ATXS,0.17729323791492904
439,15417,CETX,0.17729320351002037
440,15429,LNTH,0.17784818939652594
441,15431,MCRB,0.17729323719288106
442,15432,ALPN,0.17747817597062301
443,15433,PIRS,0.17655345622582896
444,15435,ALTA,0.17692329366357465
445,15436,QLGN,0.17766322748777466
446,15440,WING,0.17821828929996134
447,15457,ATRO,0.17784819049241696
448,15486,AXGT,0.6709826137578343
449,15488,PYPL,0.17803323530414322
450,15490,LITE,0.1776632514575433
451,15491,AEMD,0.17766318249945748
452,15493,AQMS,0.17821827314414873
453,15496,CFMS,0.1769233135243952
454,15497,CHMA,0.17803326423735358
455,15505,CUBN,0.1789587538198585
456,15506,CYRX,0.17747819272781745
457,15507,SRRA,0.17747822693944382
458,15508,EPIX,0.17877358059716342
459,15510,KPRX,0.17803323262257698
460,15525,RMNI,0.17729320051490985
461,15527,LOB,0.1769232881021288
462,15530,MCFT,0.17673838387355545
463,15531,NEOS,0.17692331571146838
464,15533,NK,0.17784824060256305
465,15534,NTRA,0.1771082440058963
466,15535,OLLI,0.17636856313684515
467,15537,ALOT,0.17655345629909394
468,15539,PVBC,0.17784823003157724
469,15540,RILY,0.1778482026320704
470,15541,RPD,0.17766318246458784
471,15542,VTVT,0.17673836813606897
472,15543,XELB,0.17673841111171654
473,15546,Z,0.17784819684579514
474,15579,TXN,0.17766318427349573
475,15580,AAME,0.17710828855536714
476,15631,BNTC,0.17747818793762926
477,15636,CNFR,0.17710829531227693
478,15638,GBT,0.1771082472405935
479,15639,PRPL,0.17747820564548933
480,15643,RUN,0.17729320106004298
481,15645,AIPT,0.17766318935021733
482,15646,ZYNE,0.17581398572320273
483,15651,CSWI,0.1765534614653993
484,15653,GYRO,0.17729320119966144
485,15654,HCAC,0.17729320420168126
486,15658,RGNX,0.17766319619288568
487,15662,STAF,0.17784825350133426
488,15664,WYIG,0.17747817964151838
489,15709,ACBI,0.17692329826120315
490,15774,ABTX,0.17710824267100936
491,15775,ACRS,0.1761836973662391
492,15776,AVXL,0.17747819363867925
493,15779,CTMX,0.17673838496062147
494,15782,EAGL,0.17673839068094382
495,15784,EDGE,0.17766333472311885
496,15785,TWNK,0.1778482198230487
497,15787,MIRN,0.17747819888204996
498,15795,SGRY,0.17766321263848395
499,15831,AXSM,0.17747818247665573
500,15833,AVTX,0.177663174213676
501,15837,DLTH,0.17840336615350252
502,15838,EQBK,0.17673836603027307
503,15840,FGBI,0.17710826114519587
504,15847,KURA,0.17636856815799845
505,15850,MTCH,0.1776631790087872
506,15853,RMR,0.17747818568117604
507,15856,VYGR,0.17747818628731754
508,15902,LMFA,0.17673836252188002
509,15906,SMBK,0.17636856686144134
510,15914,WKHS,0.17729322004172787
511,15937,EDIT,0.1778481938384884
512,15943,IZEA,0.1782182775676892
513,15948,NCBS,0.17673837272220166
514,15950,KA,0.17696101923468957
515,15960,CRVS,0.17729324312228312
516,15961,DRIO,0.1771082382429097
517,15976,SNDX,0.1767383826820365
518,15978,VRAY,0.1771082650109143
519,15996,BATRA,0.17729320564271556
520,15997,BATRK,0.17747818847700775
521,15998,LSXMA,0.1775159375024801
522,15999,LSXMB,0.17673837196892397
523,16000,LSXMK,0.17788599785262293
524,16005,AGLE,0.17655345567616137
525,16007,CDXC,0.17673837885835209
526,16008,GWRS,0.17821828042653814
527,16012,JSYN,0.17729325356436693
528,16019,RRR,0.1782183261920417
529,16020,SCWX,0.17747819975848866
530,16021,SRAQ,0.17821829590360722
531,16051,ACIA,0.17803324178572458
532,16052,ALJJ,0.17673836866570383
533,16063,MSBI,0.1774782466548314
534,16064,NTLA,0.1771082339333347
535,16066,PLSE,0.1782182661535399
536,16068,RETA,0.17655346271398942
537,16069,FSTX,0.17784824227081378
538,16070,VTGN,0.1774781865546337
539,16090,CLSD,0.178403377646724
540,16097,HONE,0.17710825848933542
541,16099,MBRX,0.1774781860506517
542,16100,NH,0.1782182983649116
543,16104,ONS,0.17692329433101656
544,16108,SELB,0.17692330127636727
545,16111,SYRS,0.1778481888573156
546,16112,VIVE,0.17803324006898763
547,16145,SRTS,0.1784033634541147
548,16146,APVO,0.17840333810381065
549,16154,KDMN,0.3564443791141932
550,16164,DMPI,0.1747064735127199
551,16171,KNSL,0.1767383764746663
552,16173,ASAP,0.1774781986554913
553,16178,INNT,0.17729321532687728
554,16179,MYSZ,0.17766318989828003
555,16181,PAVM,0.17821832172219992
556,16182,PI,0.17766319172539924
557,16183,RNDB,0.17655346652238335
558,16186,TCMD,0.17747818410154073
559,16188,TPIC,0.177293212467459
560,16247,AIRG,0.1767383714828055
561,16250,ATOM,0.1778481994281698
562,16252,EKSO,0.17729322281675525
563,16253,FHB,0.17673839187973855
564,16255,GEMP,0.17766317797346304
565,16260,MEDP,0.177293210696923
566,16261,MIII,0.17784821266889805
567,16263,PTGX,0.17655346307357667
568,16284,CPAA,0.1780332473114308
569,16285,CSTR,0.17784822592491695
570,16287,EVBG,0.17840337104358656
571,16290,FLGT,0.17710824581319606
572,16303,NOVN,0.178033234937267
573,16304,NTNX,0.17747820840453135
574,16306,SNDE,0.17729323683860665
575,16308,TRHC,0.1776631864423231
576,16309,TTD,0.17673839924779547
577,16310,SISI,0.17655346054884327
578,16376,WORX,0.17821832320744738
579,16377,AZRX,0.17729321353565566
580,16381,BL,0.17729320242850824
581,16382,COUP,0.1778481959540044
582,16384,FRTA,0.17655345830494112
583,16386,IRTC,0.17673838485225016
584,16392,MRAM,0.17729321063728742
585,16393,OBLN,0.17692331117839616
586,16399,SRAX,0.17747817557841875
587,16400,PHUN,0.17821833527670206
588,16401,TUSK,0.17877354300374862
589,16417,BWINA,0.17710827412287355
590,16432,GT,0.17766321485291192
591,16458,FPAY,0.17784821875612306
592,16463,GNUS,0.17655347567439122
593,16464,GTYH,0.17747819601067794
594,16465,PRTH,0.17710824595949637
595,16466,MOXC,0.17766321513261013
596,16471,SND,0.17766320600368296
597,16472,MRKR,0.17692329310488736
598,16473,XBIO,0.1780332405541212
599,16497,CNDT,0.17766320731127008
600,16505,BDEP,0.17692333025848075
601,16522,ORGO,0.17784819374546096
602,16528,POLA,0.1769233038020564
603,16529,PVAC,0.17784824299504465
604,16532,SNES,0.17692330008483032
605,16533,SNGX,0.17636857734902095
606,16541,AQB,0.1774781870963874
607,16542,LPTX,0.17636856835773157
608,16562,ANAB,0.1776631953483837
609,16569,HVBC,0.17766320482378198
610,16570,JNCE,0.17692330623352895
611,16590,IFMK,0.17710823046608348
612,16591,LAUR,0.17692330298586537
613,16592,METC,0.1769233090130083
614,16593,NBEV,0.17692330282690033
615,16594,SGLB,0.17784820122434766
616,16625,AKTS,0.1772932076000296
617,16630,IMXI,0.17710823881300242
618,16631,GSHT,0.178033217786575
619,16632,HLNE,0.1767383957677226
620,16633,ICCH,0.1769233131833849
621,16638,NODK,0.17655348180831915
622,16649,OKTA,0.17747817699665436
623,16670,OTRK,0.17636858191916943
624,16671,AFBI,0.1765534665206296
625,16673,KAAC,0.17877359445032032
626,16674,MPAC,0.17692333736738047
627,16675,NCSM,0.17673837260468922
628,16676,PCSB,0.17655345900882835
629,16680,SSNT,0.17747821776804945
630,16681,FBRX,0.17784826549001825
631,16698,APPN,0.17803322978457828
632,16703,FMAO,0.17766317739013443
633,16705,GTHX,0.1782182776879895
634,16709,OVID,0.1769233397043254
635,16712,VERI,0.1771082414803859
636,16776,ALRN,0.17692328813769448
637,16777,ATNX,0.1769233335135414
638,16778,ATXI,0.17858850518717279
639,16779,BOMN,0.1785884282369732
640,16780,CGBD,0.17840340647120048
641,16781,CKPT,0.1771082363279676
642,16784,ESQ,0.17747819121713865
643,16788,KBLM,0.1785884381083614
644,16792,MRSN,0.17803327834823648
645,16793,NDRA,0.17673836644310936
646,16795,PIXY,0.1772931977036464
647,16802,SGBX,0.17710824759949675
648,16805,SSTI,0.17784821745810014
649,16816,BHF,0.1769232862178334
650,16818,CLXT,0.17766318364476458
651,16819,CODA,0.1776632127939044
652,16820,CODX,0.1785885393622704
653,16824,KALA,0.17840336066453943
654,16827,PETQ,0.17858847882740142
655,16828,RBB,0.17710828751287927
656,16829,RDFN,0.17821829403182993
657,16834,TYME,0.17766319832624122
658,16853,BPRN,0.17673837539159187
659,16856,ASPU,0.17747818859790848
660,16857,CTXR,0.17673836863804993
661,16880,CNAC,0.17845422381745668
662,16883,CSSE,0.17766318070799125
663,16887,EAST,0.17710826607232777
664,16895,INDU,0.17729319201047905
665,16903,MBIO,0.1776631718458077
666,16904,OPNT,0.17784818895464077
667,16905,OSPR,0.17784819275851899
668,16911,AVCT,0.17747818726911582
669,16921,ANGI,0.1771082447701038
670,16922,HFFG,0.1767383665667094
671,16923,CELC,0.17784825692696174
672,16924,DCPH,0.17784822638261816
673,16927,FUV,0.17766319160942404
674,16928,KRYS,0.1778481930474689
675,16932,ROKU,0.17729320225869966
676,16967,CARG,0.17803323857380587
677,16968,MDB,0.17821828936229256
678,16971,EYE,0.17747823709910698
679,16974,AYTU,0.17692333353063783
680,16975,AESE,0.17803323362848936
681,16976,CATC,0.177293229982955
682,16981,FAT,0.17747819054885672
683,16982,FDBC,0.17747818868619583
684,16983,FFBW,0.17710825074122163
685,16987,HAIR,0.17655346941224637
686,16989,KIDS,0.17655347304353947
687,16991,MBIN,0.17692330298277617
688,16992,OPTN,0.17784819234667842
689,16995,PDLB,0.17618369402753964
690,16999,RMBL,0.17729321437584705
691,17000,RYTM,0.17729320096441006
692,17034,ALTR,0.17821829027966274
693,17038,SFIX,0.17636859198742344
694,17041,NAOV,0.1771082332121802
695,17042,ALNA,0.17766321999788087
696,17043,FNKO,0.17821830736929112
697,17044,SPRO,0.17747821518869544
698,17045,ACMR,0.1772932173817353
699,17104,APLS,0.17784818780978157
700,17105,XFOR,0.1782182907783141
701,17106,BAND,0.17710826114519587
702,17108,CBTX,0.17766325321925727
703,17116,LOOP,0.17710824935948224
704,17117,MRBK,0.17618369693322591
705,17121,SBT,0.17692329526846678
706,17122,SCPH,0.1778482507548924
707,17125,DNLI,0.17766318823354044
708,17126,NMRK,0.17729320853913091
709,17133,AMEH,0.1784033939210669
710,17134,BRPA,0.1795520718841363
711,17135,CASA,0.17692329724698824
712,17137,BSET,0.17729321182110805
713,17139,CWBR,0.1767383657734633
714,17140,DLPN,0.17784821771486958
715,17147,ENSC,0.17766318383248714
716,17148,LBC,0.17729323004484734
717,17151,MVBF,0.17747818953660233
718,17154,ODT,0.17729325117455108
719,17155,QTRX,0.177293208769647
720,17262,CUE,0.17766317005200497
721,17263,EYEN,0.17766318569377962
722,17266,VYNE,0.17618368513092086
723,17269,NMRD,0.18248002638418784
724,17270,REKR,0.1776632359572521
725,17271,SLDB,0.17636858191916943
726,17272,ACET,0.1780332518492569
727,17313,BLNK,0.17729320044174873
728,17315,CDLX,0.17821827807476975
729,17317,EOLS,0.1769232981524277
730,17323,LIVX,0.1776631891154033
731,17324,NXTP,0.1767383765608357
732,17325,MOTS,0.17803323524710518
733,17326,KERN,0.17784820169565513
734,17327,OSS,0.17766320297001487
735,17332,VCTR,0.1776631990495339
736,17341,ZS,0.1784033780026853
737,17342,DBX,0.17729319783302547
738,17343,RDVT,0.17673838788771537
739,17345,AIHS,0.177663196250531
740,17349,BTAI,0.17729320534180654
741,17350,BWB,0.17766318235508255
742,17351,COCP,0.17710825689508142
743,17358,FIXX,0.1767383919951463
744,17359,FNCB,0.17673837058711306
745,17360,GNPX,0.17747818486299377
746,17361,HOFV,0.17784825188102274
747,17365,LAZY,0.17655348344313887
748,17366,HYMC,0.1769233122996351
749,17367,LPRO,0.1780332767381119
750,17368,OPBK,0.1767383799020821
751,17369,BFI,0.17747818428307355
752,17370,ORGS,0.17766318973034984
753,17372,UMRX,0.17729324583231254
754,17373,VTSI,0.1763685619268927
755,17444,BELF,0.17655346201660982
756,17679,BFST,0.17692333324336412
757,17680,RENO,0.17655345545831702
758,17683,CLBK,0.1767383665667094
759,17684,AHCO,0.1765534528597359
760,17685,DOCU,0.17803324694817638
761,17688,GSHD,0.1774781822473376
762,17690,HSDT,0.17784825340341065
763,17691,LASR,0.17840342302511614
764,17692,LEVL,0.17825610949544246
765,17695,SURF,0.1771082379244175
766,17788,PS,0.1776631759831786
767,17790,EVOP,0.1782182956370645
768,17795,GSKY,0.17692330737465117
769,17798,FCBP,0.17784823104706032
770,17800,BCML,0.1777009629203482
771,17801,ROAD,0.1772932108598243
772,17802,STXB,0.1774782510599864
773,17803,JRSH,0.17710824370271355
774,17811,EVLO,0.17895870906122197
775,17812,EXPI,0.17821835363864472
776,17813,HJLI,0.1780332767381119
777,17818,OBNK,0.17788604235492833
778,17821,SRRK,0.17710823964459482
779,17825,UBX,0.17618369402753964
780,17826,XSPL,0.17729332117885513
781,17868,APTX,0.1767383648083876
782,17869,ARPO,0.17636858071624734
783,17871,AVRO,0.17747822793755463
784,17875,HQI,0.17729320047166622
785,17876,DOMO,0.1778482458494784
786,17877,ECOR,0.17747822079019188
787,17878,EIDX,0.17710826268740498
788,17880,EVER,0.17655345452839125
789,17885,GRNQ,0.17673839792138174
790,17886,HYRE,0.17729320863302814
791,17887,IIIV,0.1782182899690683
792,17889,KZR,0.17636858464350885
793,17890,LSEA,0.1784034065914011
794,17891,LOVE,0.177663198616263
795,17892,MGTA,0.17803324326699865
796,17895,OPRX,0.17784821339889906
797,17898,STIM,0.17803326895228624
798,17899,TBIO,0.17710827105478472
799,17900,TCDA,0.17766318608168835
800,17901,LTRY,0.17692331639728054
801,17906,VRCA,0.17766318070799125
802,17907,VTIQ,0.17655346727978508
803,17908,XERS,0.17729327070073825
804,17942,KDP,0.2631724453250456
805,17944,TENB,0.17845367332255838
806,17947,RUBY,0.17789878663585815
807,17948,ALLK,0.17692331535181519
808,17950,FOCS,0.17766323514256838
809,17951,ADIL,0.1765534528597359
810,17955,AQST,0.17673837840765877
811,17956,BRY,0.17821828255295824
812,17957,CCB,0.17655347565653348
813,17958,CNST,0.17747817778209102
814,17959,CRNX,0.17729321063728742
815,17968,LQDA,0.17692333297422227
816,17969,MSVB,0.17729320106004298
817,17970,MYFW,0.17845426288810706
818,17973,PRVB,0.17808385313784816
819,17974,REPL,0.17729320420168126
820,17976,TBRG,0.17803325809743736
821,17977,TLRY,0.17636856274979765
822,17979,WISA,0.17766318246458784
823,18011,SONO,0.17734338916791864
824,18043,AMAL,0.1772932049659936
825,18044,ARDS,0.17729320531199347
826,18046,CMLS,0.17784821546969545
827,18048,KLXE,0.17826903278087894
828,18049,AMTB,0.17710823944182377
829,18050,AMTBB,0.1769232960232108
830,18051,MESA,0.17766318153479743
831,18052,PCB,0.17692331994238936
832,18053,RIVE,0.17747818977437804
833,18055,SIC,0.17636858666764732
834,18056,SOLO,0.17710824159871214
835,18058,TPNL,0.17747818314691335
836,18061,VCNX,0.17692330145765112
837,18064,FTDR,0.1772932075230193
838,18097,SVMK,0.17808331459735774
839,18098,AEYE,0.17734303146651348
840,18100,ARVN,0.1799354671865233
841,18102,BNGO,0.17975025998811536
842,18103,BSGM,0.1775284909183358
843,18106,BSVN,0.17863945817135057
844,18107,CBMB,0.1766030392978702
845,18108,CBNK,0.17808339487638475
846,18113,ETTX,0.17826898780604122
847,18114,TTCF,0.1771580927757584
848,18115,FVCB,0.17752870673176374
849,18116,GRTS,0.17789823943174615
850,18128,STRO,0.17715833426157573
851,18133,YMAB,0.17660289626667147
852,18134,UPWK,0.17747819134549392
853,18135,GH,0.1772932124411463
854,18137,ALLO,0.17710826281592024
855,18148,SPEX,0.17766317713469285
856,18162,GRAF,0.21515389169766108
857,18190,AXNX,0.17673836591810124
858,18191,BFC,0.17692329316322697
859,18192,CTAC,0.17803321914931414
860,18195,EQ,0.1771082567104723
861,18202,PAE,0.17766318785573537
862,18203,KOD,0.17692329316322697
863,18205,LOGC,0.17729320747136085
864,18210,PHAS,0.17858846995895244
865,18212,SIBN,0.17803324049604766
866,18214,TWST,0.17784818956562223
867,18253,AVCO,0.1771082374021512
868,18255,CREX,0.17821838205830737
869,18257,ETON,0.17747821274602077
870,18302,AMCI,0.17877361890233626
871,18306,DTSS,0.17784818983215683
872,18309,ENOB,0.17821830975183553
873,18311,LEGH,0.17747821035075306
874,18312,MRNA,0.17673837970226103
875,18320,TBLT,0.17673836869658757
876,18322,WRAP,0.17766318516131063
877,18325,WTER,0.1778482423163661
878,18327,CVET,0.17692331531551952
879,18356,BCOW,0.17692330296427708
880,18357,ATCX,0.17692329557302972
881,18360,GCMG,0.17844118365636233
882,18361,PAYA,0.17733097489871902
883,18368,NFE,0.1769232862178334
884,18369,RBKB,0.17692340625782155
885,18376,ALEC,0.17784819111694283
886,18377,GOSS,0.17729319376345531
887,18396,AREC,0.17673836319608785
888,18401,HARP,0.17710824857731794
889,18402,HOTH,0.1776631864423231
890,18405,BACK,0.1780332518492569
891,18406,INMB,0.17803321592828247
892,18408,KLDO,0.1769232881021288
893,18410,MNCL,0.17951420850434013
894,18413,SLGG,0.1782182775676892
895,18414,SOLY,0.17692330213823418
896,18415,TCRR,0.1782182861988416
897,18418,ZYXI,0.17692329991226377
898,18420,FOXA,0.1776631876137979
899,18421,FOX,0.1772931996106467
900,18422,CLDB,0.1776632329012811
901,18427,CYCN,0.17747819131434456
902,18452,LYFT,0.17803327869942698
903,18453,GMHI,0.17877355415774265
904,18456,SWAV,0.17673837097970885
905,18457,MVST,0.17881145755379763
906,18458,DTIL,0.17636858218848384
907,18459,CARE,0.1784034596447474
908,18480,TW,0.17747818202381188
909,18484,ZM,0.1769233088213925
910,18546,ACAM,0.1791817514528861
911,18549,LVOX,0.17821832430529644
912,18552,RIDE,0.17655345605866313
913,18553,EVSI,0.17766318935021733
914,18554,FXNC,0.17747817597062301
915,18555,GHSI,0.1772932045655371
916,18556,GNLN,0.1767383645504672
917,18558,HCAC,0.1789587222420359
918,18559,HOOK,0.17655345309247863
919,18560,MNSB,0.17710823846543738
920,18561,NGM,0.17821831569365726
921,18563,PLMR,0.1767383729030463
922,18566,SILK,0.17729326019645245
923,18567,TPTX,0.17729322062904357
924,18568,VERB,0.17766317989115368
925,18572,BYND,0.17710826395383178
926,18573,SCPL,0.17734425420362468
927,18642,ACTT,0.17803329387627714
928,18643,XAIR,0.17673840181080094
929,18644,APLT,0.178033237658482
930,18646,AXLA,0.1780332568337342
931,18648,QNCX,0.1771082428299248
932,18652,FRAF,0.17710824098958772
933,18656,IDYA,0.177159141233904
934,18659,INSU,0.17747819447087354
935,18664,NXTC,0.17710826621872133
936,18668,RRBI,0.17673838834117667
937,18670,SONM,0.17784821435660214
938,18671,SPFI,0.17729325619438796
939,18676,TMDX,0.17747818236388124
940,18677,TRVI,0.1791439914546223
941,18726,CRWD,0.17784824197179705
942,18735,GO,0.1773443407968545
943,18769,ADPT,0.17734356187102468
944,18770,BBIO,0.17766320296394358
945,18771,CHNG,0.17747818296417273
946,18772,AKRO,0.17729321509166365
947,18773,ARTL,0.17710827778285132
948,18774,BCEL,0.1776631827205545
949,18776,IMVT,0.1772932068421407
950,18777,KRTX,0.17734428871448973
951,18778,GNOG,0.17803324156468392
952,18779,MORF,0.17784824693226742
953,18780,MWK,0.17766318572705447
954,18782,PRVL,0.17844117708301668
955,18783,PSNL,0.17771388785282027
956,18784,REAL,0.1772932041453415
957,18785,STOK,0.17766317671865678
958,18789,HCAT,0.17752860027112805
959,18806,MRIC,0.17784819999680151
960,18832,CSTL,0.1777137034866818
961,18835,DKNG,0.17715914446620484
962,18837,FSEA,0.1764188121190779
963,18838,FULC,0.1775286073469761
964,18840,GXGX,0.17826937302404255
965,18844,HYAC,0.17771372837682387
966,18845,IHRT,0.17975209072429144
967,18846,MIRM,0.17808472269664805
968,18847,PBFS,0.1769736783874406
969,18851,RMBI,0.17808493650654036
970,18852,SMMC,0.17845454654194962
971,18853,THCA,0.1806779594010526
972,18855,XCUR,0.17882527181692304
973,18856,XPEL,0.17864030600258501
974,18894,BCDA,0.17858844902569604
975,18895,CFB,0.17899669657638545
976,18898,KRUS,0.17766318506181966
977,18899,NEPH,0.17803329194343143
978,18903,VERY,0.1778482538479427
979,18907,SDC,0.1771082650109143
980,18908,TXG,0.1772932076000296
981,18911,DDOG,0.17673836866570383
982,18913,PNTG,0.17821833519852415
983,18915,CRNC,0.17877355643346485
984,18940,PTON,0.17673837311663415
985,18941,ALRS,0.17821840120327798
986,18953,ADV,0.17858850991433656
987,18955,IGMS,0.17710825013853373
988,18958,OPRT,0.17747819833268147
989,18960,STSA,0.17692329715056923
990,18961,SWTX,0.1772931997972581
991,18963,XGN,0.17710824005693776
992,18968,PGNY,0.17821834703504452
993,18997,APRE,0.17655346652238335
994,19002,BRP,0.17692329892570868
995,19004,CABA,0.17636859410569838
996,19005,DRTT,0.1784033741163587
997,19008,FREQ,0.1772932152326343
998,19011,HAPP,0.1771082395493713
999,19012,HBT,0.17840358492863764
1000,19015,MCBS,0.17692331281895401
1001,19016,OYST,0.17692333305292376
1002,19017,PHAT,0.1776631920711891
1003,19021,RAPT,0.17692330623834876
1004,19022,RCEL,0.18285151393897087
1005,19024,RLMD,0.1769233004179902
1006,19026,TFFP,0.17673837120098174
1007,19031,VIE,0.17673837954000365
1008,19032,VIR,0.1763685870124984
1009,19034,BXRX,0.1772931932058328
1010,19064,AVPT,0.17969941022474895
1011,19066,CNSP,0.1780333362636512
1012,19070,ETNB,0.17710823933586756
1013,19071,BLDE,0.18070176437591118
1014,19072,GRTX,0.17747819184431685
1015,19076,ASTS,0.18162862490993825
1016,19081,SITM,0.17692330115648025
1017,19082,TELA,0.17766324213726326
1018,19129,MDIA,0.17729328555278762
1019,19135,FSRV,0.18199952644542788
1020,19137,GRWG,0.1789587339951785
1021,19139,LMPX,0.17747823177148647
1022,19140,MCMJ,0.17821842990043082
1023,19142,MNPR,0.17895876195470067
1024,19143,ELYS,0.18006989177114457
1025,19145,SPT,0.17692333922354958
1026,19146,SRAC,0.17973754840174586
1027,19176,BDTX,0.1772932485620167
1028,19177,ONEM,0.17858848233943472
1029,19178,REYN,0.17840335392315634
1030,19180,JSPR,0.17784824827342904
1031,19184,ARQT,0.17692329778416507
1032,19185,BSBK,0.17807116776818557
1033,19186,CHPM,0.1761857601964222
1034,19187,CLSK,0.17803322309026548
1035,19188,CNNB,0.17729321513431087
1036,19189,TLMD,0.17636857081395224
1037,19196,PRCH,0.1817762261093796
1038,19197,CURI,0.18159079632796132
1039,19198,SWKH,0.1765534599159002
1040,19199,PPD,0.17988503135362427
1041,19200,SDGR,0.1771082372369418
1042,19201,RVMD,0.17803326055948127
1043,19228,BEAM,0.17784824204888586
1044,19229,CCAP,0.17840351315036052
1045,19230,ARVL,0.18210928257342787
1046,19231,COFS,0.1888006498843864
1047,19232,DUOT,0.1791439796331104
1048,19233,GRIL,0.17673839129674662
1049,19249,MEDS,0.17673837035457818
1050,19250,ONEW,0.17992270949467853
1051,19251,PASG,0.17784828074759623
1052,19252,PFHD,0.1769233168705279
1053,19271,BRID,0.17710830804447825
1054,19310,CALB,0.17858861958982586
1055,19312,GHIV,0.18311297745731248
1056,19313,IMRA,0.180069962693506
1057,19348,GMBL,0.17955270760975905
1058,19349,KROS,0.17692332722703696
1059,19353,ORIC,0.18025527604538372
1060,19356,ZNTL,0.17747828520646938
1061,19358,NARI,0.17932911624463171
1062,19392,AYLA,0.17766335391977361
1063,19396,DBCP,0.18753503010600203
1064,19397,TOI,0.1892206383423385
1065,19399,GNRS,0.18062584139268514
1066,19401,LSAC,0.17803337931599664
1067,19402,LYRA,0.17914396546768452
1068,19403,WMG,0.19353856189971463
1069,19405,ZI,0.18846617467026738
1070,19408,VRM,0.17918192850747797
1071,19410,FMTX,0.17988506378028246
1072,19416,BMRG,0.6709826137578343
1073,19460,ADTX,0.19724036257814231
1074,19461,AKUS,0.1838178838521202
1075,19462,AMTI,0.18062622638262799
1076,19469,CGRO,0.1898078066664807
1077,19476,GBIO,0.183779594787164
1078,19479,LTRN,0.18007009106333993
1079,19480,APPH,0.17858850517289585
1080,19483,NUZE,0.184337756202595
1081,19484,PCVX,0.18062622422547892
1082,19485,PLRX,0.19084940393215416
1083,19486,PROG,0.17996079303252177
1084,19488,RNA,0.18363248592076126
1085,19489,ROCH,0.18381774826738612
1086,19494,VRME,0.1970900826966095
1087,19496,ACCD,0.1953290322375624
1088,19499,NKTX,0.1939120969541697
1089,19500,GOCO,0.19671585816916518
1090,19501,RLAY,0.19271632002569306
1091,19502,WAG,0.1778481869971218
1092,19504,BLI,0.1896222582420387
1093,19505,JAMF,0.1888768924620894
1094,19506,VERX,0.19167287696104285
1095,19540,ALVR,0.21038761481830884
1096,19541,VITL,0.18958595195478
1097,19542,ALXO,0.23245542841880565
1098,19544,ANNX,0.1874967132146837
1099,19547,ARYB,0.33753871496607735
1100,19555,FTHM,0.18437505867176698
1101,19556,TALK,0.20290061198549797
1102,19559,INZY,0.18954606765417553
1103,19560,ITOS,0.19159572644238046
1104,19565,NCNO,0.20229853667551534
1105,19566,NRIX,0.18604750280283347
1106,19567,PAND,0.2121295949812392
1107,19568,PSTX,0.1876826554328484
1108,19572,TIG,0.19967245044776963
1109,19573,PNT,0.18623368272563334
1110,19575,BIGC,0.25539065419355034
1111,19576,RXT,0.23514097186032606
1112,19578,DCT,0.22194185268839084
1113,19579,AOUT,0.1965343397337571
1114,19585,KYMR,0.23303535737193376
1115,19619,AFIB,0.2549972001751919
1116,19621,AUVI,0.21138028114164392
1117,19622,CMPI,0.21553728096602492
1118,19624,FLUX,0.21951015869218707
1119,19628,IRON,0.19391307276431663
1120,19631,HCDI,0.21345812546255927
1121,19632,HPK,0.21250722728086774
1122,19635,HRMY,0.19391581688657933
1123,19639,INBX,0.2700160781835373
1124,19640,KBNT,0.2330475330968323
1125,19644,MCAC,0.19522121340175058
1126,19648,OLB,0.2571468173395681
1127,19649,PSAC,0.22651053163867785
1128,19650,SNBP,0.27472975276011774
1129,19652,VMAC,0.20515734325402957
1130,19653,OM,0.3359225543831139
1131,19655,STEP,0.2704333894980768
1132,19659,PTVE,0.355607131709913
1133,19660,SUMO,0.34747372177539126
1134,19679,GDRX,0.26263923172303616
1135,19680,LNSR,0.6709826137578343
1136,19681,PRLD,0.31404465644374785
1137,19682,PMVP,0.264373864472181
1138,19811,AMST,0.28976254452128936
1139,19812,ATHA,0.29354648592718985
1140,19813,BCTG,0.3215594910179485
1141,19814,BIVI,0.27180343430792736
1142,19818,BSY,0.3205831927451119
1143,19822,CRSR,0.2964053558593849
1144,19823,CRTD,0.2911545729386366
1145,19824,DFHT,0.2704325804351825
1146,19825,DYN,0.3146996970860807
1147,19826,ERES,0.27219523197534956
1148,19827,ETAC,0.2887703226401179
1149,19828,TRY,0.1769233040623507
1150,19830,FIII,0.32973059925169507
1151,19831,GLSI,0.2667135413440245
1152,19832,GOVX,0.2714099763186145
1153,19833,GRAY,0.3518617557351922
1154,19834,GRSV,0.28184310856908534
1155,19835,HOL,0.2919518705792902
1156,19837,MTCR,0.2622398508124421
1157,19838,EVLV,0.2895633883677666
1158,19847,TSHA,0.28184310856908534
1159,19849,SMMT,0.3556061225381255
1160,19850,KRON,0.6709826137578343
1161,19851,ARRY,0.6709826137578343
1162,19854,EBC,0.6709826137578343
1163,19857,MCFE,0.6709826137578343
1164,19862,ROOT,0.6709826137578343
1165,19937,LESL,0.6709826137578343
1166,19938,ALGM,0.6709826137578343
1167,19939,AVIR,0.6709826137578343
1168,19944,ALGS,0.6709826137578343
1169,19945,ASO,0.6709826137578343
1170,19946,AVO,0.6709826137578343
1171,19947,AZYO,0.6709826137578343
1172,19948,BDSX,0.6709826137578343
1173,19950,BOWX,0.6709826137578343
1174,19952,QSI,0.6709826137578343
1175,19953,CCCC,0.6709826137578343
1176,19954,CDAK,0.6709826137578343
1177,19955,VIEW,0.6709826137578343
1178,19956,CMLF,0.6709826137578343
1179,19958,EAR,0.6709826137578343
1180,19962,FHTX,0.6709826137578343
1181,19964,FVAM,0.6709826137578343
1182,19965,GLTO,0.6709826137578343
1183,19969,IMNM,0.6709826137578343
1184,19970,INAQ,0.6709826137578343
1185,19972,ITAC,0.6709826137578343
1186,19973,JUPW,0.6709826137578343
1187,19974,KRBP,0.6709826137578343
1188,19978,LCAP,0.6709826137578343
1189,19979,LUNG,0.6709826137578343
1190,19981,ONCR,0.6709826137578343
1191,19985,PCSA,0.6709826137578343
1192,19986,PRAX,0.6709826137578343
1193,19989,RADI,0.6709826137578343
1194,19990,SAII,0.6709826137578343
1195,19993,SPRB,0.6709826137578343
1196,19994,STTK,0.6709826137578343
1197,19995,TARS,0.6709826137578343
1198,19996,THRY,0.6709826137578343
1199,19997,TOMZ,0.6709826137578343
1200,20336,CSPI,0.17784821646632037
1201,20395,CVBF,0.17673840911787375
1202,20598,CALM,0.1759988360363201
1203,20670,CAMP,0.17821826944216101
1204,21020,AMR,0.17784819631581694
1205,21742,CASY,0.17729321807974963
1206,21776,EXC,0.17729319771947394
1207,23473,CINF,0.17747819176963925
1208,23660,CTAS,0.1772932083936109
1209,23931,XEL,0.1772932140332234
1210,24109,AEP,0.3095978703982951
1211,24476,COHR,0.17599882770169084
1212,25129,CBSH,0.17747819136189494
1213,25452,CSII,0.1774781989174744
1214,25487,CUCD,0.17747820914515214
1215,26084,CTG,0.17599883473025527
1216,26201,CMTL,0.17803323971549018
1217,27167,ANIX,0.17710824595949637
1218,27562,CBRL,0.1769232908625829
1219,27617,MJW,0.17710823046608348
1220,27684,AVT,0.17840337208827697
1221,28629,DAIO,0.1765534730440398
1222,30648,COHU,0.1782183599283122
1223,31051,DYNT,0.17729319924039477
1224,31480,EML,0.17766320140603414
1225,31668,EDUC,0.1771082454299286
1226,32062,ELSE,0.17784821429932487
1227,33532,WMFG,0.17747820341574144
1228,33770,EXHS,0.17766318592338684
1229,33823,BOOM,0.17710826249983616
1230,34367,FARM,0.17803324361549083
1231,34666,NBS,0.17729322464676628
1232,34746,FITB,0.17747821560614113
1233,35263,TRMK,0.1771082906039743
1234,35685,FFBC,0.17784825633242154
1235,35917,FMBI,0.17788605941760818
1236,36346,SRCE,0.17751600175464893
1237,36768,FLXS,0.17692331545545592
1238,37154,FONR,0.17673838321618207
1239,37381,FORD,0.17673837635008752
1240,37402,FSTRA,0.1774781903517624
1241,37568,FELE,0.17784819131850127
1242,38033,WEYS,0.17655345946188306
1243,38659,GNTX,0.1763685666375378
1244,39490,APA,0.1827038265406043
1245,39538,MAT,0.17766320199256547
1246,41188,HATH,0.1772932126508857
1247,41241,HWKN,0.177293205533482
1248,41292,HCSG,0.17692332258888233
1249,41574,SLS,0.17784819886038367
1250,42877,JBHT,0.17766317912086696
1251,42906,HBAN,0.17659114653360397
1252,42922,HURC,0.17710823046608348
1253,43334,BUI,0.17747818372800134
1254,43634,IGEN,0.17803324175335536
1255,44230,PFIN,0.17710824542370152
1256,44274,INSU,0.1772932113452959
1257,44644,ADP,0.17729322028844266
1258,44768,IFSIA,0.17784821429932487
1259,44943,DIO,0.17673837306727597
1260,45306,IDCC,0.1772932100955389
1261,45911,AHA,0.17821828908748985
1262,46886,KLAC,0.17784819832211443
1263,46923,PNRG,0.1769232876886646
1264,47379,KELYA,0.1771082453199958
1265,47387,KELYB,0.1771082485389273
1266,47571,KEQU,0.1785884463786233
1267,47619,KTCC,0.17692330480865429
1268,47715,KBAL,0.1776631898547805
1269,47723,HPET,0.17692329948914012
1270,47861,SGC,0.1784033734301387
1271,48072,KOSS,0.17710824314025447
1272,48144,KLIC,0.17692331305468562
1273,48486,LRCX,0.17710837823357245
1274,48523,LANC,0.17858850336266152
1275,48961,DSGR,0.17692330102144418
1276,50623,MTSC,0.17766321654239728
1277,50789,MDSN,0.17692332179073836
1278,50948,SMH,0.17747818394709353
1279,51369,TER,0.17692330564164543
1280,52250,GENC,0.1769233288390087
1281,52978,HAS,0.17692329888113892
1282,53074,MSMD,0.17766319025843935
1283,53373,SIEB,0.17636857620169172
1284,53613,DRAM,0.17784818983215683
1285,53859,MSEX,0.17858853589703594
1286,54114,MLHR,0.17618368657161557
1287,55678,MUTRS,0.17599883526704857
1288,55862,BMRA,0.17655345144537596
1289,55993,NSSC,0.17599882702144026
1290,56710,NSEC,0.17636857089886926
1291,56822,NWLIA,0.17803324114634933
1292,56945,NATR,0.17729319376345531
1293,57809,NDSN,0.17618369402753964
1294,57913,AVIR,0.1765534544935883
1295,58246,NTRS,0.17766317706628046
1296,58819,WPH,0.17747819668828616
1297,59256,CRW,0.17747818513673513
1298,59328,INTC,0.17710823397679482
1299,59483,YRCW,0.18173815268548846
1300,59600,TWIN,0.18285092858893626
1301,59627,VIRO,0.17747818748880928
1302,60098,OTTR,0.17729326455200303
1303,60506,PCAR,0.17766318549994237
1304,60871,ADI,0.1778481857177923
1305,60986,NWL,0.17636855960887438
1306,61241,AMDV,0.17766318226079972
1307,61269,PKOH,0.17636856274979765
1308,61496,PATK,0.17803325584206922
1309,61621,PAYX,0.17692333863424228
1310,62033,RAVN,0.1776632217039128
1311,62148,CSX,0.17784822454279653
1312,62228,FEI,0.1774781807700895
1313,62341,PETD,0.17840337971228007
1314,62958,PRCE,0.1765534759363269
1315,63125,PIOS,0.17655345438980122
1316,63546,DTM,0.17766318071689927
1317,63715,POWL,0.17788604758162022
1318,64742,PCYC,0.17784821503048726
1319,64961,QSII,0.1767384968838901
1320,65008,ASYS,0.17692332258309024
1321,65270,RCMT,0.17784819571752922
1322,65700,USLM,0.17784819832211443
1323,66325,SLMA,0.17784822414859905
1324,66384,WDCL,0.1776631960334104
1325,66852,RELL,0.17692329638685317
1326,67029,ODETA,0.17877356903967168
1327,67847,RRCO,0.17710825000233046
1328,68145,SBEI,0.17710825749230957
1329,68196,SEIC,0.17803327806001057
1330,68292,SIGI,0.17692329016852976
1331,69586,SBCFA,0.17844128959710762
1332,71985,SPAR,0.1778481946757115
1333,72304,STAA,0.1772931993569007
1334,72611,STBR,0.17766319458203753
1335,74500,TSRI,0.17655345772890757
1336,74740,TAYD,0.17636856554136632
1337,74836,TCCO,0.17729319783302547
1338,75033,VOX,0.17784825746588453
1339,75104,VIACA,0.17932922251652186
1340,75107,ABD,0.1778482057798501
1341,75470,MBY,0.17655346044424197
1342,75510,ADBE,0.1776631881644627
1343,75517,MRTN,0.17784819232986065
1344,75556,NEBC,0.17710824538696013
1345,75573,ODP,0.17803323301200552
1346,75578,MERC,0.17766319644220213
1347,75603,CRUS,0.17636856138138957
1348,75605,FRME,0.1777009816537014
1349,75607,NLOK,0.1767384072726902
1350,75654,CGNX,0.1776631934206976
1351,75672,URIX,0.1769232949529025
1352,75694,TECH,0.17747818045164612
1353,75714,CLRO,0.1778482111686494
1354,75828,ERTS,0.17747818933702533
1355,75831,DGII,0.1772931932058328
1356,75853,CUST,0.1776632201317605
1357,75854,LSCC,0.17692333695113796
1358,75860,IMGN,0.17747818451182323
1359,75905,GIII,0.1772931990877445
1360,75906,GSBC,0.177331013347245
1361,75912,PTC,0.17766317382370272
1362,75976,NEOG,0.17710823136912326
1363,75985,HAF,0.177293205533482
1364,76038,BLFS,0.17710825044830208
1365,76052,PPIH,0.17729320254436434
1366,76076,CSCO,0.177663174213676
1367,76095,HOLX,0.17673838618269788
1368,76128,VICR,0.17729321353565566
1369,76201,XLNX,0.1761836907508964
1370,76215,ICON,0.17766317929772257
1371,76226,VIAC,0.17914395795138216
1372,76230,TRMB,0.17821827859028277
1373,76261,EXPO,0.1778482026320704
1374,76279,MTRX,0.17858846173703016
1375,76360,GTIM,0.1772932126508857
1376,76392,MMSI,0.1769233168705279
1377,76461,VERU,0.17936688143045934
1378,76504,CATY,0.17788601336072585
1379,76529,NRIM,0.17673839000864588
1380,76582,DORM,0.17636858498920366
1381,76586,VWTR,0.1778482452839868
1382,76591,QDEL,0.1784033881572148
1383,76614,REGN,0.17692329644181853
1384,76661,IONS,0.17784821532077044
1385,76672,RDNT,0.17747819070870888
1386,76684,HWC,0.17766323659927333
1387,76686,LCUT,0.17766317625040923
1388,76709,IDXX,0.1778482457492122
1389,76721,FORT,0.1759988346472896
1390,76722,STFC,0.17840337895790148
1391,76744,VRTX,0.17729324028717275
1392,76750,MNRO,0.17784823003157724
1393,76752,PRGS,0.17729320087897774
1394,76788,TVTY,0.1778481923727524
1395,76795,ZBRA,0.17673837206843934
1396,76798,EZPW,0.1776631803113805
1397,76839,FIZ,0.17618369130349015
1398,76841,BIIB,0.17747820308888776
1399,76856,FCFS,0.1778481869971218
1400,76868,AAON,0.17655345608171852
1401,76869,AEY,0.17729320764067924
1402,76888,ABP,0.17784818939652594
1403,76892,BOKF,0.17710827951117797
1404,76927,OAKC,0.177848225897766
1405,76934,ISIG,0.1769232992334552
1406,76946,TRNS,0.17636858376693265
1407,77007,IMBI,0.1765534668165757
1408,77037,ODFL,0.176553457997146
1409,77090,ATNI,0.17784820957353692
1410,77114,WRLD,0.17729321428668954
1411,77165,JBSS,0.1780332500972676
1412,77175,AMSC,0.1774781766987489
1413,77178,QCOM,0.1780332347482868
1414,77191,TTEK,0.1759988338160941
1415,77202,ARCI,0.17821830938322153
1416,77217,IIGP,0.17784825936399487
1417,77259,AHPI,0.17747819545063517
1418,77274,GILD,0.17784820616901087
1419,77282,MSON,0.17747818881472138
1420,77354,SCHL,0.17803322574304273
1421,77357,SNPS,0.17766322193052536
1422,77379,THFF,0.17692332906388952
1423,77415,NBTB,0.17803326741370742
1424,77425,USAK,0.17784820876274965
1425,77437,STEM,0.17692332559904445
1426,77447,ICUI,0.17784821503048726
1427,77453,JACK,0.17803324013059774
1428,77488,NTI,0.17788602261746672
1429,77505,FORG,0.17655345144537596
1430,77515,KOPN,0.177663174213676
1431,77519,TRST,0.17844126690381415
1432,77526,PHCO,0.17788602620938732
1433,77528,STBA,0.17655347114787656
1434,77595,ARCB,0.17803322849916592
1435,77610,PANL,0.1761836927231868
1436,77624,INZC,0.6709826137578343
1437,77659,BBBY,0.17840336503038148
1438,77660,CACC,0.1776631759831786
1439,77679,COLB,0.17766319824981838
1440,77699,ERC,0.17766319667193944
1441,77702,SBUX,0.1782182899690683
1442,77780,CENT,0.17710826148333914
1443,77785,WIRE,0.17747819728966333
1444,77790,FMPO,0.17655345848317205
1445,77889,FUNC,0.17710824380819812
1446,77902,CAKE,0.1769233146280908
1447,77918,LFUS,0.17673838768060657
1448,77973,UNAM,0.1780333125767964
1449,78003,VTNR,0.17766317957464717
1450,78018,CPSS,0.1778482643717288
1451,78034,PDCO,0.1771082524150979
1452,78054,QUMU,0.17729320925906736
1453,78071,BIOL,0.1776631921431132
1454,78081,LGNDA,0.17858844902569604
1455,78091,DFAX,0.17673839000864588
1456,78156,HMSY,0.17784824480037675
1457,78189,PESI,0.17766318823354044
1458,78213,ULBI,0.17729319711262284
1459,78693,UFCS,0.17766321654239728
1460,78749,UNIR,0.1771082675409753
1461,78756,OFIXF,0.17803323188841508
1462,78829,UMSB,0.17729321653614116
1463,78840,SKTV,0.17803325325860547
1464,78875,WOLF,0.177663174213676
1465,78892,IECE,0.17692331016864174
1466,78900,NATH,0.17766318687147278
1467,78903,PEBO,0.17729320878380897
1468,78908,RCKY,0.177108238865918
1469,78915,UEIC,0.1771082374021512
1470,78955,AVID,0.1778481995632594
1471,78975,INTU,0.17821829376786485
1472,78981,LSTR,0.1774782061582979
1473,78987,MCHP,0.17803321861760038
1474,78988,HGBL,0.3139532859577287
1475,79007,SCVL,0.17784823092410096
1476,79013,SYI,0.17766323253653019
1477,79019,UBCP,0.17747820572616463
1478,79022,FRTX,0.17784824427860882
1479,79026,CHDN,0.178403384519809
1480,79033,SGA,0.1785885070618021
1481,79039,USEG,0.1774781968771724
1482,79072,BANF,0.17751596516343263
1483,79089,FOSL,0.1772932052000509
1484,79103,ORLY,0.1769232862178334
1485,79108,SANM,0.17710823053797364
1486,79116,TCBK,0.17747822507579628
1487,79150,ANIK,0.1780332292253103
1488,79166,GABC,0.17710824267100936
1489,79248,THRM,0.17729322369170988
1490,79249,BBSI,0.17710826638410038
1491,79265,FLIR,0.17766318071689927
1492,79299,PZZA,0.17803326482172982
1493,79322,NSYS,0.1771082454715971
1494,79338,SGMS,0.17766318948456866
1495,79382,PFC,0.17788613204277084
1496,79490,FLL,0.17729320915937846
1497,79491,GBIZ,0.17673836319608785
1498,79499,INOD,0.17710824424933408
1499,79507,MCRI,0.17803323895106543
1500,79571,CASH,0.1778482172767717
1501,79586,FTEK,0.17821827077861885
1502,79618,RAVE,0.1774781893922771
1503,79678,ATVI,0.1778482020864285
1504,79731,QCHI,0.1775160331672802
1505,79734,RVSB,0.1767383666284737
1506,79747,UBSH,0.17751601335376166
1507,79776,UTMD,0.1771082542109999
1508,79791,CNTY,0.17840342003585602
1509,79824,FFIN,0.17710824099317293
1510,79839,ITRI,0.17784827715105025
1511,79841,FWRD,0.17655346004179823
1512,79851,OSBC,0.1771082829326246
1513,79857,PTEN,0.1782182713254183
1514,79862,ROCK,0.17729320274909438
1515,79864,VSEC,0.17766318310884754
1516,79866,SCHN,0.17784823133628605
1517,79878,UFPI,0.1776631837955145
1518,79879,VIAV,0.17747819849275315
1519,79881,URBN,0.1767383853891995
1520,79885,WVFC,0.17618374257422667
1521,79906,INCY,0.1769232976770166
1522,80034,SHOO,0.17655347129096202
1523,80050,UFPT,0.17766322714983435
1524,80069,ARWR,0.17673837120098174
1525,80072,VNBP,0.183463327167102
1526,80114,CMGI,0.17673836438526427
1527,80167,HAIN,0.1772931952567042
1528,80179,VALU,0.1763685778229416
1529,80223,BPBC,0.17766320811022696
1530,80233,DAKT,0.17747818935251447
1531,80236,DSPG,0.17710824511465653
1532,80274,SGMA,0.17803322880896538
1533,80286,TSCO,0.17710823352352315
1534,80294,RGCO,0.1769232949529025
1535,80306,BCRX,0.1780332743851099
1536,80320,CPRT,0.177478194930747
1537,80336,LARK,0.17710826362799836
1538,80341,MPAA,0.17803323434645196
1539,80343,NNBR,0.17673837048645524
1540,80362,SCSC,0.17747819383134736
1541,80375,ZEUS,0.1769233280914797
1542,80478,SMBC,0.1769233067347871
1543,80498,ABCB,0.17692329112235855
1544,80534,GRTK,0.17766333973110765
1545,80539,INHL,0.17821831988665382
1546,80563,PENN,0.17729319922209244
1547,80633,HMNF,0.17692333146765005
1548,80640,LJPC,0.1772932083795298
1549,80759,MATW,0.17747817299977742
1550,80791,ADTN,0.17784823103354577
1551,80795,ANMC,0.176368587371262
1552,80812,FBST,0.17710823964703218
1553,80837,PNBK,0.17729319965578455
1554,80857,VLGEA,0.17710824475496184
1555,80912,TGCI,0.1784033618545408
1556,80924,SIRI,0.17655347836565405
1557,80951,TESS,0.1774781988446465
1558,80955,WVVI,0.1767383655499335
1559,80957,AZPN,0.17766320188920653
1560,80960,CARV,0.17599883526704857
1561,80969,CVTI,0.177108242046009
1562,81073,UHAE,0.1780332264570864
1563,81084,HDSN,0.17895880789571406
1564,81095,NWBI,0.1774782362924982
1565,81116,VECO,0.17673837036970622
1566,81165,MIND,0.1772932184395326
1567,81182,TRAK,0.17636858392176993
1568,81184,USAP,0.17747817625273415
1569,81220,NSIT,0.17821827775169907
1570,81222,RCII,0.17784824139917482
1571,81225,SMIT,0.17636856790884298
1572,81241,BRKS,0.17692329206105428
1573,81254,SNEX,0.17673837757895938
1574,81278,STRT,0.17636856313684515
1575,81282,TSAI,0.17784826313647234
1576,81294,WDFC,0.1774781822473376
1577,81481,DLTR,0.1776631787748482
1578,81501,NATI,0.17803327504023786
1579,81560,GFED,0.17766317844397383
1580,81577,WFSL,0.1785884885605289
1581,81588,TAIT,0.17766317461839293
1582,81593,WMIH,0.1772931932058328
1583,81621,HLIT,0.1778482257071277
1584,81624,ISNS,0.18266552041436196
1585,81666,HA,0.1769232980983888
1586,81678,LECO,0.17655347348283784
1587,81696,DISH,0.1774781784618037
1588,81728,NHTC,0.1772932657324733
1589,81740,SBGI,0.17803322162606175
1590,81741,SCKT,0.17784820983649102
1591,81869,GVP,0.1772932424432252
1592,81893,WSTG,0.1769233245464892
1593,82107,WAB,0.17692329016852976
1594,82156,ANSN,0.17710825926224238
1595,82163,CLGY,0.1767383843840076
1596,82179,IART,0.17766319079552906
1597,82212,ROMC,0.1769233117499276
1598,82215,SPAZ,0.176183687073027
1599,82251,AUBN,0.17710825629750374
1600,82279,SENEA,0.17673838321618207
1601,82281,SMSI,0.1761836872328858
1602,82486,ERIE,0.17673836592454872
1603,82508,MYGN,0.17784818735044466
1604,82515,POOL,0.17673840089048087
1605,82518,RICK,0.17803323988394232
1606,82526,ACHV,0.17636856138138957
1607,82547,AEIS,0.17692329243760901
1608,82567,CYPH,0.17636856421789573
1609,82573,FFIC,0.17729323453149937
1610,82575,BANR,0.17803328264498575
1611,82581,HSIC,0.17766320982170347
1612,82587,IVAC,0.17747818340257154
1613,82598,NTAP,0.1772932045655371
1614,82599,NWPX,0.17692331413846055
1615,82670,MHA,0.17784819900906448
1616,82686,CTXS,0.17747822266260022
1617,82747,SPAB,0.1771082417740686
1618,82759,VSNR,0.17729321036869977
1619,82779,NVAX,0.17692329589577682
1620,82812,BYFC,0.177848205171376
1621,82824,IDP,0.17618374025495237
1622,82848,TTNP,0.17636856646843957
1623,83111,ALXN,0.1776631881533901
1624,83112,ANDE,0.17692328939012705
1625,83120,CMCO,0.1776632111556589
1626,83124,CSGS,0.1776631706563704
1627,83145,IRIX,0.17784819284497713
1628,83148,LFCR,0.17784820876274965
1629,83149,LPTHA,0.1778482008751749
1630,83155,OVBC,0.17673839068094382
1631,83244,CENX,0.17821827906607268
1632,83272,HUBG,0.17729320811170507
1633,83303,SGRP,0.1776631876239872
1634,83304,PRGX,0.17692330145765112
1635,83382,INFO,0.1784033580470908
1636,83390,KVHI,0.17766318460466296
1637,83391,STRM,0.17710825328264318
1638,83399,OCCF,0.17729320877132673
1639,83414,SASR,0.17770099418805324
1640,83422,SYKE,0.17673836702290519
1641,83469,ARTNA,0.17673837206843934
1642,83520,JAKK,0.17747823380437616
1643,83534,NBIX,0.17692332145519943
1644,83547,PFBI,0.17692329644181853
1645,83565,TAXI,0.17692329206105428
1646,83621,ANSS,0.17784820283791225
1647,83642,CNOB,0.1771082524150979
1648,83651,ENMD,0.1772931949179527
1649,83683,PROV,0.17692328915909675
1650,83690,RUSHB,0.17766318661682137
1651,83734,BILL,0.17766318506181966
1652,83738,CASS,0.17636856897125555
1653,83756,GERN,0.1828510938622098
1654,83774,OCFC,0.1771082742617464
1655,83779,PEGA,0.1778481980444792
1656,83799,STRA,0.17803322135799984
1657,83815,DIME,0.1765534809456395
1658,83827,MMA,0.17784820806675888
1659,83844,AWRE,0.17858854336446853
1660,83883,OPCH,0.17692330362253367
1661,83885,MVIS,0.17803326292880364
1662,83906,SRCL,0.17784820413203684
1663,83910,TACT,0.17729321924529473
1664,83916,TTEC,0.1780332363472296
1665,83950,NEOT,0.17692330176360116
1666,83969,WLFC,0.17692330423578884
1667,84062,CHGO,0.17821828293939582
1668,84084,HIBB,0.17766321416905076
1669,84129,ZION,0.17788603589295504
1670,84176,SSP,0.17747818202381188
1671,84184,ACLY,0.17618369696008895
1672,84185,ADCC,0.17747817288226334
1673,84203,BBQ,0.1774782429250923
1674,84210,FORR,0.17673838008460563
1675,84215,GLTB,0.17803324488539765
1676,84234,MLCH,0.17821828013310737
1677,84255,SEAC,0.17747819824236324
1678,84262,STLD,0.1765534646830565
1679,84348,VSAT,0.1765534759363269
1680,84389,FNC,0.1771082354851906
1681,84397,UBI,0.1765534573391851
1682,84403,WGOV,0.1786263094324181
1683,84413,CERS,0.17729319619098244
1684,84438,SNHY,0.17710828913242638
1685,84511,VCEL,0.18229449420250154
1686,84516,CCBG,0.17766318948456866
1687,84563,SLGN,0.17747818025077913
1688,84604,CTIC,0.17821832504349325
1689,84606,EEFT,0.17840336132322282
1690,84607,EMKR,0.17803323588650072
1691,84636,WTFC,0.1776631879890495
1692,84725,CVLY,0.1776631877079693
1693,84737,GIFI,0.17729320811170507
1694,84757,SACM,0.17784821629255582
1695,84761,TTWO,0.17803323188841508
1696,84788,AMZN,0.17784820876274965
1697,84825,PBHC,0.17714600782746096
1698,84827,RMBS,0.1782182898557334
1699,85002,AVII,0.178773535928931
1700,85020,PPBI,0.17751598790065665
1701,85035,QRVO,0.17747817699665436
1702,85040,SLP,0.1769232992334552
1703,85176,DXPE,0.17803322676580915
1704,85187,HSKA,0.17710825817563539
1705,85198,OZK,0.17803329861340111
1706,85205,PRPH,0.17784821513228002
1707,85272,AEHR,0.1778481960950674
1708,85293,NUVO,0.1778482471156398
1709,85299,LKFN,0.1772931932058328
1710,85314,QADI,0.17766318029029693
1711,85372,FARO,0.17692329161284015
1712,85390,PLCE,0.17673836685260375
1713,85394,PSMT,0.17840336586123778
1714,85401,SIGA,0.1776631837955145
1715,85418,CAC,0.17747827914401304
1716,85459,CHRW,0.17747817288226334
1717,85464,CWST,0.1780332411911997
1718,85488,OSIS,0.1782182907783141
1719,85502,SCMM,0.17692329796509348
1720,85526,BASI,0.1780332255320703
1721,85539,CTHR,0.17673836855555697
1722,85540,CTIB,0.17692330237951587
1723,85567,OYOG,0.1782183334619939
1724,85570,ARID,0.17784819374546096
1725,85586,RK,0.17729319924039477
1726,85631,ADSK,0.17766318730315533
1727,85656,MPB,0.17673838720866458
1728,85686,DMI,0.17747817707899533
1729,85710,POWI,0.17803326059576957
1730,85724,PRDO,0.1778482373326923
1731,85725,CFFI,0.17729320660618247
1732,85726,DENN,0.17821828293939582
1733,85731,HFWA,0.17655345622582896
1734,85738,MRCY,0.1782182793371236
1735,85741,HOPE,0.17881152293518646
1736,85744,RMTI,0.17747817805697033
1737,85751,TSBK,0.17692329672059898
1738,85753,VRSN,0.17766317844397383
1739,85768,IESC,0.1778482306484046
1740,85860,BRKL,0.17692331950298845
1741,85863,COLM,0.17729321063728742
1742,85875,IBOC,0.1780332711161802
1743,85883,NWFL,0.17766319168549438
1744,85886,CNXN,0.17747819304673562
1745,85889,SRDX,0.1778482196924162
1746,85913,MAR,0.17803322407585356
1747,85966,CBAN,0.17655345846665485
1748,85972,CRAI,0.17766322705617646
1749,85982,INDT,0.1769233178748927
1750,85992,MANH,0.17784818939652594
1751,86004,UMPQ,0.1772932130780678
1752,86026,IOP,0.17729319903752075
1753,86047,AMKR,0.1767383665667094
1754,86048,ANSR,0.17710825420700393
1755,86051,AXTI,0.17784821460332456
1756,86062,EVOL,0.17729319619098244
1757,86067,GNTY,0.17747817288226334
1758,86083,PDII,0.17766324777302558
1759,86091,SBSI,0.17747824958883324
1760,86092,CLRS,0.17840335698030063
1761,86122,ENG,0.17803323372088048
1762,86124,BMTC,0.17673839234357772
1763,86158,CTSH,0.17692328818266437
1764,86165,ALTO,0.17766323436066306
1765,86211,MSTR,0.17766318344856108
1766,86242,BELFB,0.17692331375417972
1767,86287,RBCAA,0.1769232862178334
1768,86288,CSGP,0.17747833008775865
1769,86290,CVDE,0.176738413713372
1770,86302,HTBK,0.17696102114202109
1771,86312,SAL,0.17636856519076072
1772,86356,EBAY,0.17729319715488995
1773,86382,BUSE,0.1780711530030872
1774,86384,CCNE,0.17710823181600382
1775,86435,FNHC,0.17840337819890573
1776,86444,INO,0.1763685694404477
1777,86474,RFIL,0.17655345252572147
1778,86489,SCSS,0.1771082524116775
1779,86526,CFBK,0.17599883526704857
1780,86536,DFFN,0.17729327460323022
1781,86544,BCOR,0.17803325307690782
1782,86573,FCAP,0.17673837000622422
1783,86578,GDEN,0.17803326531397895
1784,86580,NVDA,0.1765534605865957
1785,86717,EPAY,0.1776631814289366
1786,86719,EWBC,0.1780332835034051
1787,86728,MTEX,0.17784820876274965
1788,86763,AUTO,0.17636857720598642
1789,86778,MKSI,0.17766316984710695
1790,86783,PCLN,0.17821827859028277
1791,86814,AMNB,0.17677607388766042
1792,86818,DHIL,0.17784825973467916
1793,86819,CCRT,0.17821832857615316
1794,86820,CFFN,0.17747818363715934
1795,86822,EXTR,0.178218290200371
1796,86827,HSII,0.1776632467381383
1797,86887,LOAN,0.17766319497396957
1798,86916,UONE,0.17710828516031343
1799,86964,FFIV,0.17729321139155332
1800,86965,FISI,0.1774782012179057
1801,86990,UPIP,0.17747817479116418
1802,87000,STMP,0.1759988346472896
1803,87006,UTHR,0.17692330766510062
1804,87014,BSRR,0.17751597888302822
1805,87016,PWFL,0.1772932107740573
1806,87043,QTM,0.18173824831793478
1807,87053,LRAD,0.17673838664224176
1808,87055,COST,0.17710825704942484
1809,87056,BMRN,0.17803325101399164
1810,87066,EGOV,0.17673837962383604
1811,87067,FNLC,0.17747818150247333
1812,87069,GCBC,0.17692330195436473
1813,87075,ZD,0.17766318280925011
1814,87077,MCMC,0.17784820970087806
1815,87078,MDRX,0.17636856925784886
1816,87086,PRFT,0.17747818212920446
1817,87114,MBWM,0.1778482410903346
1818,87121,SALM,0.17729333352999158
1819,87162,FLWS,0.17803323406592778
1820,87179,NTCT,0.17784819571752922
1821,87227,EGAN,0.17710823709972273
1822,87269,CIZ,0.17692333525855647
1823,87299,AKAM,0.17747818202381188
1824,87302,BSQR,0.17840337658548422
1825,87318,EGBN,0.17747820573096712
1826,87321,GAIA,0.17729321663534242
1827,87337,PLUG,0.17766318280925011
1828,87361,PCTI,0.1785884316964806
1829,87364,QUIK,0.1780332245377412
1830,87373,ALSK,0.17821827166188023
1831,87379,CLCT,0.17692332944250033
1832,87394,IMMR,0.17766318486006638
1833,87404,EXE,0.19499655944531513
1834,87430,WFII,0.1778481994281698
1835,87439,IDN,0.18508006263971222
1836,87464,HBP,0.17747819616966154
1837,87476,BMRC,0.17710826015824732
1838,87487,BGCP,0.1765534692292741
1839,87488,FBSS,0.17766318290281827
1840,87501,MCBC,0.17766325871116456
1841,87505,NKSH,0.17636856610874213
1842,87508,NTWK,0.17766318506181966
1843,87510,PFSW,0.17692329016852976
1844,87532,RDI,0.17803323188841508
1845,87533,RDIB,0.17784821869788187
1846,87583,AGEN,0.17636857428377595
1847,87589,BBGI,0.17729320699372775
1848,87614,LBAI,0.17747824943128324
1849,87656,AKC,0.17729321872774229
1850,87717,EXPD,0.1771082425045648
1851,87725,IIIN,0.17729326175051852
1852,87753,USIO,0.1769232976770166
1853,87759,CMLH,0.17696101630079467
1854,87789,LMNX,0.17673836995308095
1855,87812,SLAB,0.17729319712090247
1856,87952,GBCI,0.17803327497276422
1857,88031,COVI,0.17821828937515027
1858,88152,CCMP,0.17747817910556002
1859,88159,EXEL,0.17655345500207545
1860,88167,HSTM,0.17932900619494685
1861,88173,LXRX,0.17914378382228552
1862,88174,LPSN,0.17784825764117723
1863,88177,NEXM,0.17840337254007768
1864,88182,ONNN,0.17840343820199983
1865,88183,OPOF,0.17766319993252713
1866,88195,SGMO,0.17655346735430516
1867,88197,FULT,0.1769233135243952
1868,88203,VDSI,0.17692330461264277
1869,88208,CLSN,0.17729319345591846
1870,88260,PXLW,0.1761836872328858
1871,88264,SONS,0.17636856273125615
1872,88319,VC,0.17655345497334674
1873,88332,CPST,0.17729319619098244
1874,88341,HWBK,0.17729320665236092
1875,88343,PACW,0.1769233377327463
1876,88351,INSM,0.17618369982394846
1877,88352,ISRG,0.17766317844397383
1878,88368,PMBC,0.17858848742502187
1879,88372,UONEK,0.1767383648083876
1880,88384,FUSB,0.17729320061133969
1881,88417,ACLS,0.17766316984710695
1882,88421,ARNA,0.17636855960887438
1883,88434,INFI,0.17784820651801841
1884,88439,ENTG,0.17636856072437007
1885,88446,ILMN,0.17747819706334633
1886,88462,PTIE,0.17766319189289806
1887,88466,SMTX,0.17821835530152033
1888,88468,SPRT,0.17692329944887158
1889,88471,PRPO,0.17692342273053221
1890,88504,BRKR,0.17710824174424394
1891,88511,CRIS,0.17996049256488592
1892,88518,MNDL,0.17692330102144418
1893,88534,ISSC,0.17729321509045526
1894,88542,LTRX,0.17840342125498604
1895,88564,RTIX,0.17747818674926433
1896,88568,SPTN,0.17710825420700393
1897,88620,VRML,0.178033335124306
1898,88626,DRRX,0.17655350098142908
1899,88648,TTMI,0.1771082440259939
1900,88664,JKHY,0.1772931993569007
1901,88719,AMRB,0.1769233073530821
1902,88742,SHET,0.17673837323883526
1903,88779,HTK,0.17673839396007102
1904,88807,NVTL,0.1782182664690316
1905,88810,RIGL,0.17766323040516863
1906,88820,PGC,0.1769233162098502
1907,88839,HBIO,0.17710830487001517
1908,88841,RECN,0.177848196255464
1909,88857,YORW,0.1778482146219052
1910,88860,ALGN,0.17784820968330783
1911,88863,EXAS,0.17747820688955968
1912,88865,HAFC,0.17784826313647234
1913,88905,ANTR,0.17784822258593225
1914,88912,IBCP,0.17766325458716403
1915,88944,FCBC,0.17673837526458494
1916,88949,SGEN,0.1771082354851906
1917,88951,UBOH,0.17673836672094712
1918,88963,DGICA,0.17673836319608785
1919,88965,CIVB,0.17636856587111563
1920,88970,SHBI,0.17692329609902574
1921,88984,UBFO,0.17673837109083562
1922,89006,MDLZ,0.17747818748880928
1923,89022,GLBZ,0.17784820026400544
1924,89029,MOSY,0.17673838335725303
1925,89031,AXON,0.17636857908465167
1926,89036,BABY,0.17618368858733546
1927,89044,PDFS,0.17692329480768698
1928,89109,NCFC,0.1784033660124717
1929,89110,OMCL,0.1769233052889294
1930,89141,PLPC,0.1774782375065295
1931,89167,CCRN,0.1774781961301693
1932,89169,DCTH,0.17992269878842018
1933,89195,PFG,0.17821829097276046
1934,89202,RBNF,0.17673838750434512
1935,89211,PWOD,0.17766318980928233
1936,89244,WTW,0.17678792985691594
1937,89252,ALR,0.1782182899690683
1938,89262,WFD,0.1767383648083876
1939,89270,FCCY,0.17618368934101325
1940,89279,UNB,0.17710826698352578
1941,89290,SYNA,0.17729320558550488
1942,89297,COI,0.17784820199078494
1943,89307,MANT,0.17803324326699865
1944,89323,UCBI,0.17733098843997347
1945,89353,JBLU,0.1769232992577488
1946,89387,CPSI,0.17692332258888233
1947,89393,NFLX,0.17821832655488667
1948,89394,OSTK,0.17710825728616636
1949,89395,PNFP,0.178256167571042
1950,89397,VRNT,0.17784819374546096
1951,89411,ELOX,0.17784822069298084
1952,89413,BGFV,0.1767383766212032
1953,89416,HOFT,0.1780332382943136
1954,89424,SVBI,0.17710826048657247
1955,89425,WTBA,0.17673837200964537
1956,89445,BDSI,0.17803328111350583
1957,89447,CVGW,0.1763685889416312
1958,89449,KIRK,0.17766317912086696
1959,89453,RRGB,0.17766321329710122
1960,89455,RUSHA,0.1789588069975085
1961,89456,LYTS,0.17858846941686646
1962,89506,SCST,0.176553457997146
1963,89525,CMCSA,0.1774781766987489
1964,89533,WYNN,0.1776631869607709
1965,89572,PCVA,0.17655348121948267
1966,89573,PKBK,0.17784818780978157
1967,89574,PRAA,0.17766318280925011
1968,89575,SAFT,0.17692330640740087
1969,89576,VBFC,0.17729320031558155
1970,89606,SWBI,0.17636856719515193
1971,89611,ACTG,0.1780332319370657
1972,89626,CME,0.17784819691369502
1973,89643,FCCO,0.17636858184419074
1974,89655,NVEC,0.17803324966596384
1975,89698,HSON,0.177478223552181
1976,89736,HTLF,0.17696101604374004
1977,89741,OPHC,0.17803323895106543
1978,89753,FORM,0.1765534572825434
1979,89756,INTN,0.17747820907061507
1980,89790,MPET,0.17673837539159187
1981,89792,CVCO,0.1778481946757115
1982,89800,NTGR,0.18247998271752888
1983,89824,MODV,0.17692329570284748
1984,89826,TCBI,0.17747820851438378
1985,89828,UVSP,0.17733096319801345
1986,89866,LKQ,0.1771082820647965
1987,89875,BPA,0.17784819054707462
1988,89889,AIXD,0.17747819520291389
1989,89891,BVX,0.17673836296804826
1990,89898,OMR,0.17710824357390764
1991,89908,CONN,0.17840338950450835
1992,89913,MRLN,0.17747818137142551
1993,89915,MGRC,0.17784822299826347
1994,89916,NXST,0.1782182864270253
1995,89922,TSRA,0.17729320242850824
1996,89925,DZSI,0.1774782363231493
1997,89935,MSHL,0.17692331380806442
1998,89941,TZOO,0.17618368858733546
1999,89942,INDM,0.20136316179322483
2000,90011,MGLN,0.17825615847036527
2001,90012,PETS,0.17803323178302188
2002,90029,DVAX,0.1774781801085999
2003,90031,GTXI,0.17803322961213947
2004,90081,CUTR,0.1769232876886646
2005,90082,CVCY,0.1772932121284955
2006,90088,MCHX,0.17673836948735738
2007,90090,SBNY,0.17784820037390153
2008,90097,UCTT,0.17692329433101656
2009,90098,XCYT,0.17840334401717553
2010,90101,SVRA,0.1767760645828114
2011,90125,CORT,0.17673836319608785
2012,90126,CYTK,0.17729324871260338
2013,90177,ACAD,0.17581398836853693
2014,90178,ALNY,0.17729320747136085
2015,90179,ANGO,0.17766323277734375
2016,90188,NUVA,0.1782182664690316
2017,90194,SP,0.17803323362837903
2018,90213,MGI,0.17766320442924635
2019,90221,BOCH,0.17636856587111563
2020,90223,STRR,0.17803323052884135
2021,90276,BLKB,0.17821828929996134
2022,90285,MNKD,0.17766322486447378
2023,90288,NURO,0.17877359582217944
2024,90313,CAAS,0.1772932290078774
2025,90314,CVGI,0.17803333343699707
2026,90319,GOOGL,0.17673838017967528
2027,90353,BECN,0.17784820785051597
2028,90358,GVBK,0.1773309718665565
2029,90400,ADES,0.17581398489200722
2030,90409,HURN,0.17821828674625712
2031,90423,INVA,0.17618370494267882
2032,90427,TXRH,0.17747820664739739
2033,90436,HTI,0.17766317739013443
2034,90454,MKTX,0.17673838298311711
2035,90455,MPWR,0.17692329691460834
2036,90458,NWE,0.26792188704511416
2037,90464,USMO,0.17747819520291389
2038,90470,ATLO,0.1782183080401596
2039,90476,CHCI,0.17747818045164612
2040,90490,TBBK,0.17747820507593118
2041,90534,CZNC,0.1778482692620143
2042,90539,PTE,0.17673847556129876
2043,90542,PSDV,0.17784824227081378
2044,90544,SMMF,0.17692331508514772
2045,90568,VCC,0.17895873486910863
2046,90590,EBTC,0.17636856519076072
2047,90591,EFSC,0.17714597900993626
2048,90600,KRNY,0.17673837791043015
2049,90601,NDAQ,0.1780332561426025
2050,90603,PFBC,0.17729321537697146
2051,90604,MTEM,0.1769232862178334
2052,90605,UACL,0.1772932080143588
2053,90636,KFFB,0.1767384072726902
2054,90637,PBIP,0.17618368858733546
2055,90640,WPCS,0.1772932074449173
2056,90664,DXCM,0.17821830514428064
2057,90672,RAIL,0.17673836970291407
2058,90679,JVA,0.17821829542448658
2059,90682,DIL,0.17803324813776222
2060,90706,CTRN,0.17840342533739764
2061,90708,MORN,0.17766323981633736
2062,90710,PLBC,0.17673838228027286
2063,90715,ZUMZ,0.17766320578509423
2064,90716,ABXA,0.17636856139434148
2065,90718,BFIN,0.17821830570013053
2066,90720,BLDR,0.17729320162143797
2067,90734,LHCG,0.17618370482409207
2068,90735,LINC,0.17784821372065263
2069,90803,CNSL,0.17821827703037374
2070,90805,DISCA,0.17895874226319441
2071,90806,DISCB,0.17692330317783095
2072,90808,EXPE,0.17803322407585356
2073,90856,ATRC,0.17784819374546096
2074,90868,OFLX,0.17729325460316428
2075,90870,ROLL,0.17877355755530633
2076,90871,RUTH,0.1778482269863814
2077,90875,UEPS,0.17877359658795802
2078,90907,VIRX,0.17729320391536896
2079,90926,ALT,0.17747819338640183
2080,90949,FBIZ,0.1769233213303314
2081,90952,ISBC,0.17751602049011708
2082,90955,SSKN,0.17766318427349573
2083,90961,WSBF,0.17932911302203924
2084,90963,AMSF,0.1767384042310554
2085,90971,IRBT,0.1772932094032414
2086,90978,SPWR,0.17636857199580894
2087,90983,PEBK,0.17636856446492333
2088,91015,BCBP,0.17710827362103543
2089,91018,CORE,0.17766318723462188
2090,91021,CYTX,0.17710823692120892
2091,91024,LORL,0.17766317484670463
2092,91080,HEES,0.17803322467980726
2093,91083,MGYR,0.1776632248401051
2094,91086,ACOR,0.17747817288226334
2095,91090,CROX,0.17747819343267437
2096,91095,LQDT,0.17729320954652475
2097,91103,UAUA,0.17766319058289842
2098,91161,GPRE,0.1774782175768691
2099,91176,LSBK,0.17692329761590503
2100,91184,CBIO,0.17729321653614116
2101,91186,VNDA,0.17673839068094382
2102,91237,VG,0.17710823944182377
2103,91262,AAWW,0.17692330623834876
2104,91269,CBAT,0.17655345605439732
2105,91274,FBMS,0.1771083089826072
2106,91277,LINTA,0.17803323296079687
2107,91278,LINTB,0.17784820659207023
2108,91279,PRTK,0.17729321601501957
2109,91287,USVSP,0.17729320811170507
2110,91299,GFN,0.17821828928256384
2111,91348,ATEC,0.17673840476227348
2112,91356,HOMB,0.176923357924057
2113,91357,HWCC,0.17692331380806442
2114,91359,LUNA,0.1772931988569027
2115,91360,SLCT,0.1772932003530633
2116,91365,CSII,0.17673837033072892
2117,91366,SNCR,0.17747819405754028
2118,91395,CBLI,0.17766318563335176
2119,91402,GTLS,0.17655347699822116
2120,91403,KALU,0.17803328019085202
2121,91408,SSBI,0.1780332658178631
2122,91437,KAZ,0.1776632035302066
2123,91446,ESXB,0.1769233102885867
2124,91463,CVLT,0.17784819686625522
2125,91468,ICFI,0.17673839068094382
2126,91471,ACER,0.17673836319608785
2127,91472,PBIB,0.17803322745020128
2128,91488,TCRT,0.17766318779009893
2129,91498,EHTH,0.17692330420141966
2130,91500,EXLS,0.1774782252024697
2131,91503,LMAT,0.17803325670905318
2132,91556,ROST,0.1778482058945691
2133,91606,CPRX,0.18210899951468473
2134,91609,CZWI,0.1780332685216071
2135,91611,FSLR,0.17710825013853373
2136,91615,MBLX,0.17692330317783095
2137,91618,ORBC,0.17784823726113777
2138,91622,FRST,0.17692330623834876
2139,91625,WLDN,0.17803323017318654
2140,91658,AIMC,0.17636856519076072
2141,91659,ALGT,0.1772932230205522
2142,91665,GLDD,0.17710824542370152
2143,91668,IPGP,0.1767383928637538
2144,91672,MNOV,0.17784823971408428
2145,91678,TAST,0.1771082384780647
2146,91727,TA,0.17655346792330476
2147,91733,AVAV,0.17710824267100936
2148,91742,SNOA,0.17655345622582896
2149,91754,III,0.17729319559154638
2150,91814,ARAY,0.1763686261322648
2151,91815,CENTA,0.17766319817330328
2152,91822,NCMI,0.17821829413262819
2153,91826,PRTS,0.176738370381896
2154,91832,MDGL,0.17803323588650072
2155,91836,HSTX,0.1774781890645617
2156,91855,SFNCA,0.1780332549227257
2157,91900,GLUU,0.17655346054884327
2158,91901,GSIT,0.17747822477163355
2159,91902,HAYN,0.17821827572148863
2160,91907,SMCI,0.17766318506181966
2161,91909,SUMR,0.17710823374136692
2162,91910,USAT,0.11766985317577752
2163,91937,TMUS,0.1776631753518501
2164,91959,ESSA,0.17673836660433623
2165,91964,OPTT,0.176738370381896
2166,91968,TFSL,0.17655346442486747
2167,92029,TRS,0.17766321233173776
2168,92032,BIOD,0.17673837218716462
2169,92035,CLNE,0.18377899613144255
2170,92040,FOLD,0.176738369030681
2171,92043,IBKR,0.17747819706334633
2172,92050,PODD,0.17729321662506864
2173,92052,TTGT,0.17747819667655435
2174,92089,GRBK,0.17636858185937387
2175,92091,BLIN,0.17636856686144134
2176,92095,INFN,0.17766318823354044
2177,92097,LLNW,0.1767383660115739
2178,92102,SCOR,0.1772932003530633
2179,92111,CRE,0.17729321490794073
2180,92203,LULU,0.17710823595733763
2181,92213,BIOP,0.1782182960122386
2182,92220,MASI,0.17729322004402906
2183,92221,MELI,0.17729322340972437
2184,92229,VRTU,0.17710825583622375
2185,92252,PALI,0.1774781982125585
2186,92303,FFNW,0.1765534715754532
2187,92318,TOWN,0.1778860418440621
2188,92322,ULTA,0.1774781808604699
2189,92428,APEI,0.17747820089726987
2190,92432,ENSG,0.17747818483429603
2191,92443,NFBK,0.17784822780298062
2192,92448,RBCN,0.18340777855839857
2193,92449,REED,0.1771082350594207
2194,92456,ATHX,0.177293197782095
2195,92466,OESX,0.17673836662848066
2196,92468,PLUR,0.17636857817434387
2197,92469,SATS,0.17692331413846055
2198,92471,TITN,0.17655346609554812
2199,92486,IDI,0.17803326436060962
2200,92521,DGLY,0.17636856415436714
2201,92523,EBSB,0.1776631879890495
2202,92557,LIVE,0.17673837569001208
2203,92587,BEAT,0.17766318117848137
2204,92588,HCCI,0.17673838068767847
2205,92589,KNDI,0.17618369402753964
2206,92593,MOFG,0.17618369367632486
2207,92594,GALE,0.17729319722104664
2208,92596,GHQ,0.17784821771486958
2209,92665,OCUP,0.17729320588310396
2210,92685,MLVF,0.1763685610042388
2211,92686,NLTX,0.17747823239471586
2212,92688,SINO,0.17692330335840484
2213,92716,BDGE,0.1771082939387583
2214,92753,ERII,0.1767384056168362
2215,92773,PRIM,0.1776631801288993
2216,92775,TREE,0.17673836587247516
2217,92778,DISCK,0.1787736067725862
2218,92782,MYRG,0.1772932372212415
2219,92807,UBAN,0.17692331553510426
2220,92808,DMRC,0.17747819285948846
2221,92809,FSFG,0.17692330317783095
2222,92810,HBCP,0.17673838100076236
2223,92852,LOPE,0.17784821532077044
2224,92871,VRTS,0.1769233471067898
2225,92878,OVLY,0.17673838720866458
2226,92902,BPI,0.1772932041453415
2227,92917,BWEN,0.17692331434273045
2228,92919,ORRF,0.17636856925784886
2229,92935,SMED,0.17747819424225733
2230,92987,TBNK,0.1778482483885912
2231,93002,AVGO,0.17729319809155553
2232,93004,CPIX,0.1774781822473376
2233,93069,SPU,0.17655348194856657
2234,93073,ADUS,0.17710824837099162
2235,93079,ECHO,0.1769232992334552
2236,93083,LTBR,0.17729319376345531
2237,93085,OMER,0.17766319619288568
2238,93089,VRSK,0.1772931993569007
2239,93128,COWN,0.1769232862178334
2240,93130,CXDC,0.17840336199335893
2241,93131,EMCF,0.17729321267790346
2242,93132,FTNT,0.17784820221012923
2243,93149,ZAGG,0.1780332303364457
2244,93179,PPC,0.17692332054605647
2245,93237,TENX,0.1780332374589111
2246,93263,CELH,0.17784823851191162
2247,93264,IRWD,0.1765534646830565
2248,93266,QNST,0.17729320420168126
2249,93274,CNET,0.17710826148119208
2250,93301,AVEO,0.17710828609488682
2251,93302,CREG,0.1765534544935883
2252,93304,FIBK,0.17784824681039563
2253,93312,SSNC,0.1784033480811427
2254,93339,ALIM,0.1784033422549677
2255,93345,CDXS,0.17766319266059255
2256,93347,CJJD,0.1771082374021512
2257,93356,SPSC,0.17673837206843934
2258,93368,EBMT,0.17692330335840484
2259,93369,RCM,0.17729320205482338
2260,93393,GNMK,0.1772932036021754
2261,93397,LMNR,0.1778482300424962
2262,93401,TNAV,0.17636856980501353
2263,93434,SANW,0.17784823589847135
2264,93436,TSLA,0.1784033881572148
